map_imag,map_real
0070,ffae
ff7a,ffd2
0027,008b
005d,ff90
ff6e,fff2
0048,0080
0041,ff7c
ff70,0016
0064,0068
001b,ff73
ff7f,003c
007b,0044
ffef,ff76
ff9b,0060
0089,0018
ffc2,ff83
ffc0,007d
008c,ffe9
ff9a,ff9b
ffe9,0090
0084,ffbf
ff7d,ffb9
0011,0095
0071,ff9d
ff6f,ffdb
0034,008c
0055,ff87
ff6e,fffe
0050,0077
0033,ff7d
ff7a,0020
0065,0059
000e,ff7d
ff8f,003f
0073,0036
ffe9,ff84
ffa8,005b
007d,0013
ffc7,ff8e
ffc3,0072
0082,fff1
ffa9,ff9c
ffde,0083
0081,ffd2
ff91,ffad
fff9,008c
0079,ffb7
ff80,ffc4
0015,008c
0068,ffa0
ff77,ffe0
0033,0082
004d,ff8c
ff76,0003
0052,006e
002a,ff7e
ff7e,002a
006e,0051
0001,ff76
ff8f,0050
0085,002e
ffd8,ff77
ffa6,0072
0093,0009
ffb2,ff81
ffc3,0089
0095,ffe5
ff96,ff94
ffe2,0094
008a,ffc6
ff83,ffaf
0003,0092
0075,ffac
ff7b,ffd0
0023,0086
0058,ff99
ff7c,fff3
0040,0072
0037,ff8b
ff82,0016
005a,005b
0017,ff82
ff8a,0035
006f,0044
fff9,ff7c
ff95,0050
0080,002d
ffdf,ff7b
ffa2,0066
008a,0016
ffc7,ff80
ffb4,0077
008d,fffe
ffb1,ff8c
ffcb,0082
0088,ffe3
ff9c,ffa0
ffe9,0088
007c,ffc6
ff8a,ffbc
000d,0088
0068,ffa7
ff7b,ffde
0032,0082
004e,ff8b
ff72,0003
0055,0075
0031,ff76
ff71,0026
0071,0062
0012,ff6b
ff79,0044
0083,004a
fff5,ff6b
ff8b,005b
008b,002f
ffdb,ff75
ffa3,006a
008a,0012
ffc3,ff87
ffbf,0074
0082,fff4
ffae,ff9c
ffdd,007b
0079,ffd8
ff9b,ffb3
fff9,007f
006e,ffbe
ff8a,ffc9
0013,0082
0064,ffa7
ff7d,ffdd
002b,0083
0057,ff93
ff73,fff2
0041,007f
0048,ff84
ff70,0008
0055,0074
0032,ff79
ff74,0021
0068,0061
0016,ff74
ff81,003c
0079,0047
fff6,ff75
ff94,0057
0085,0027
ffd4,ff7c
ffac,0070
008d,0006
ffb4,ff88
ffc6,0083
008e,ffe6
ff9b,ff97
ffe0,008f
0089,ffcd
ff8a,ffa9
fff7,0091
007e,ffb9
ff81,ffbd
000c,008d
006e,ffab
ff7f,ffd3
0020,0083
005b,ffa0
ff80,ffe9
0033,0076
0046,ff95
ff81,0001
0047,0069
0030,ff8a
ff82,001a
005c,005c
001a,ff7f
ff84,0033
0071,004e
0003,ff75
ff87,004b
0083,003e
ffec,ff6f
ff8f,0060
008f,002b
ffd6,ff70
ff9e,0072
0094,0014
ffc0,ff7a
ffb4,007e
0092,fffa
ffac,ff8b
ffce,0085
0088,ffe0
ff9a,ffa2
ffec,0087
007a,ffc6
ff8c,ffbb
0008,0086
006b,ffaf
ff81,ffd3
0020,0083
005d,ff9e
ff7a,ffe6
0033,007f
0051,ff91
ff76,fff6
0041,007a
0046,ff88
ff75,0004
004d,0074
0039,ff82
ff77,0013
0058,0069
0029,ff7d
ff7c,0023
0065,005b
0015,ff7a
ff85,0038
0073,0048
fffc,ff78
ff90,004f
0080,0031
ffe1,ff78
ff9f,0066
008c,0019
ffc7,ff7c
ffaf,0079
0093,0002
ffb1,ff83
ffc1,0087
0094,ffed
ffa1,ff8e
ffd3,008d
008e,ffdc
ff97,ff9c
ffe4,008c
0084,ffce
ff91,ffad
fff5,0087
0076,ffc2
ff8e,ffbe
0006,0081
0069,ffb6
ff8a,ffd0
0017,007d
005d,ffa9
ff84,ffe1
0029,007a
0052,ff9a
ff7c,fff1
003c,0079
0048,ff8b
ff74,0002
004e,0078
003d,ff7c
ff6e,0012
005e,0073
0030,ff72
ff6e,0023
006b,0069
001f,ff6e
ff74,0033
0075,0059
000c,ff6f
ff81,0043
007b,0045
fff7,ff75
ff91,0052
007f,0030
ffe3,ff7d
ffa2,005e
0081,001b
ffd2,ff85
ffb1,0069
0083,000b
ffc3,ff8b
ffbc,0073
0086,fffe
ffb7,ff8e
ffc4,007b
0089,fff4
ffae,ff90
ffca,0081
008c,ffeb
ffa6,ff93
ffd1,0087
008b,ffe1
ff9d,ff99
ffdd,008a
0087,ffd5
ff94,ffa5
ffed,008c
007f,ffc5
ff8a,ffb5
0001,008b
0074,ffb3
ff81,ffc8
0016,0089
0067,ffa3
ff79,ffdc
002a,0085
005b,ff95
ff75,ffec
0039,0081
0050,ff8c
ff73,fff9
0043,007c
0048,ff87
ff73,0001
0048,0078
0042,ff85
ff76,0006
004c,0073
003c,ff85
ff78,000c
0050,006d
0034,ff84
ff7b,0014
0057,0066
0029,ff80
ff7e,0021
0061,005d
001a,ff7b
ff81,0031
006f,0052
000a,ff76
ff85,0043
007c,0046
fff9,ff71
ff89,0053
0086,003a
ffea,ff6f
ff8f,005f
008c,002f
ffe0,ff70
ff96,0066
008c,0026
ffd9,ff75
ff9e,0067
0089,001f
ffd5,ff7c
ffa6,0067
0085,0019
ffd2,ff83
ffae,0067
0081,0012
ffcd,ff89
ffb5,0069
0081,0009
ffc4,ff8d
ffbd,0070
0084,fffe
ffb8,ff8f
ffc5,007a
0089,fff2
ffab,ff91
ffcd,0085
008e,ffe5
ff9e,ff94
ffd6,008e
0090,ffda
ff94,ff98
ffde,0092
008f,ffd2
ff8f,ff9e
ffe6,0092
0089,ffcc
ff8f,ffa6
ffed,008d
0081,ffc9
ff91,ffaf
fff3,0086
0078,ffc7
ff93,ffb7
fff9,0081
0071,ffc4
ff93,ffbe
0000,007f
006e,ffbf
ff8f,ffc3
0007,0082
006d,ffb6
ff87,ffc7
000e,0088
006f,ffac
ff7d,ffcb
0016,008e
0070,ffa3
ff75,ffcf
001e,0092
006f,ff9b
ff70,ffd4
0024,0092
006b,ff97
ff70,ffda
0028,008e
0064,ff96
ff74,ffe0
002b,0086
005c,ff98
ff7a,ffe6
002d,007e
0054,ff9b
ff80,ffec
002f,0077
004e,ff9b
ff82,fff0
0033,0075
004b,ff98
ff7f,fff4
0038,0077
004b,ff92
ff79,fff7
003e,007b
004c,ff8a
ff72,fffa
0044,0080
004d,ff83
ff6b,fffe
004a,0082
004b,ff7e
ff69,0001
004d,0081
0048,ff7d
ff6c,0004
004d,007c
0043,ff80
ff72,0006
004c,0075
003e,ff85
ff79,0008
004a,006e
0039,ff8b
ff7f,000a
0049,0069
0036,ff8d
ff81,000b
004a,0068
0035,ff8b
ff7f,000d
004d,006b
0036,ff85
ff78,000f
0053,0070
0038,ff7e
ff71,0011
0058,0075
0039,ff78
ff6c,0013
005b,0077
0039,ff75
ff6b,0014
005c,0077
0038,ff76
ff6e,0014
0059,0073
0037,ff7c
ff74,0012
0054,006e
0035,ff83
ff7b,0010
004f,006a
0034,ff89
ff80,000e
004b,0067
0034,ff8c
ff81,000d
004b,0069
0036,ff8a
ff7d,000c
004d,006d
0038,ff85
ff77,000d
0052,0072
003b,ff7e
ff70,000f
0056,0077
003d,ff79
ff6b,000f
0057,007a
003f,ff78
ff6b,000d
0055,007a
0040,ff7b
ff6e,0009
004e,0079
0042,ff83
ff75,0004
0046,0076
0044,ff8b
ff7b,fffd
003e,0074
0047,ff93
ff7f,fff8
0038,0074
004a,ff96
ff7f,fff4
0036,0077
004d,ff95
ff7b,fff3
0037,007b
0050,ff91
ff76,fff2
003a,0080
0053,ff8c
ff70,fff2
003c,0085
0056,ff89
ff6e,fff0
003b,0087
0059,ff8b
ff6f,ffec
0035,0088
005d,ff91
ff74,ffe4
002a,0087
0061,ff9b
ff7b,ffdb
001e,0086
0066,ffa6
ff81,ffd1
0013,0085
006b,ffb0
ff86,ffc9
000b,0086
0070,ffb5
ff88,ffc3
0007,0087
0073,ffb6
ff86,ffc1
0006,008a
0075,ffb5
ff84,ffc0
0007,008c
0076,ffb4
ff83,ffbf
0006,008d
0078,ffb5
ff84,ffbc
0001,008d
007b,ffbb
ff89,ffb6
fff7,008b
007f,ffc6
ff91,ffac
ffe9,0089
0084,ffd4
ff9b,ffa0
ffda,0086
0089,ffe2
ffa5,ff95
ffcc,0084
008d,ffef
ffad,ff8c
ffc3,0081
008e,fff7
ffb2,ff88
ffbe,007e
008e,fffb
ffb6,ff88
ffbc,007b
008b,fffe
ffba,ff89
ffbc,0076
0087,0001
ffbf,ff8b
ffba,0071
0084,0007
ffc7,ff89
ffb3,006b
0083,0011
ffd1,ff84
ffa8,0064
0083,001f
ffde,ff7c
ff9a,005d
0084,002f
ffec,ff74
ff8c,0055
0084,003f
fff9,ff6d
ff81,004d
0081,004c
0005,ff6a
ff7a,0044
007b,0054
000f,ff6c
ff79,0039
0072,005a
0018,ff74
ff7c,002e
0065,005d
0020,ff7d
ff80,0021
0058,0060
002a,ff86
ff82,0014
004d,0065
0035,ff8d
ff81,0007
0043,006d
0041,ff90
ff7c,fffc
003c,0078
004e,ff90
ff76,fff1
0036,0083
005a,ff91
ff71,ffe6
002e,008c
0065,ff94
ff70,ffda
0023,0091
006e,ff9d
ff75,ffce
0015,0091
0076,ffab
ff7f,ffc0
0002,008e
007c,ffbe
ff8e,ffb1
ffee,0088
0081,ffd2
ff9d,ffa3
ffda,0082
0085,ffe6
ffab,ff96
ffca,007d
0088,fff5
ffb6,ff8d
ffbd,0079
008a,0001
ffbe,ff86
ffb5,0075
008b,0009
ffc5,ff82
ffaf,0070
0089,0011
ffcd,ff80
ffa8,0069
0086,001b
ffd9,ff7e
ffa0,005e
0080,002a
ffea,ff7b
ff94,0050
0079,003d
0000,ff78
ff86,003e
0070,0052
0017,ff76
ff78,002b
0065,0066
002d,ff75
ff6e,0018
005a,0077
0040,ff79
ff6a,0006
004c,0082
004f,ff81
ff6c,fff6
003c,0086
0059,ff8e
ff75,ffe7
002a,0085
0060,ff9f
ff80,ffd8
0017,0081
0067,ffb2
ff8d,ffc9
0003,007f
006f,ffc3
ff97,ffb8
fff0,007f
0079,ffd3
ff9f,ffa8
ffde,0080
0083,ffe1
ffa6,ff98
ffce,0082
008d,ffef
ffae,ff8b
ffbf,0081
0092,fffd
ffb9,ff80
ffaf,007a
0091,000f
ffcb,ff79
ffa1,006c
008b,0024
ffe2,ff75
ff92,0058
007f,003c
fffe,ff75
ff84,003f
006f,0054
001a,ff77
ff79,0025
005e,0069
0034,ff7c
ff72,000d
004d,0079
0049,ff84
ff70,fff9
003c,0083
0057,ff8e
ff74,ffe8
002c,0086
0060,ff9b
ff7c,ffda
001c,0085
0067,ffac
ff87,ffcc
0009,0081
006e,ffbe
ff95,ffbc
fff3,007e
0077,ffd3
ffa3,ffa9
ffdb,007c
0081,ffea
ffb1,ff94
ffc2,007a
008b,0000
ffc0,ff81
ffab,0075
0091,0017
ffd2,ff73
ff97,006b
0090,002d
ffe7,ff6b
ff88,005a
0085,0043
0000,ff6c
ff7e,0041
0073,0057
001c,ff75
ff78,0023
005a,006a
0038,ff83
ff77,0003
003e,007a
0053,ff93
ff7a,ffe5
0023,0085
0068,ffa5
ff7f,ffcb
000c,008c
0078,ffb6
ff87,ffb8
fff8,008d
0080,ffc6
ff92,ffaa
ffe6,0088
0083,ffd9
ffa2,ff9f
ffd5,007e
0082,ffee
ffb6,ff95
ffc1,0071
0080,0007
ffce,ff8a
ffab,0060
007d,0023
ffe9,ff7f
ff94,004e
0078,0040
0005,ff76
ff7f,003a
006f,005c
0021,ff71
ff6f,0023
0061,0073
003c,ff75
ff69,0009
004c,0083
0053,ff83
ff6c,ffed
002f,008b
0067,ff9a
ff7a,ffcf
000d,008c
0078,ffb9
ff8f,ffb2
ffea,0087
0083,ffdb
ffa7,ff98
ffc8,007d
008a,fffc
ffc0,ff84
ffad,0071
008b,0019
ffd8,ff78
ff99,0061
0085,0030
ffee,ff74
ff8c,004f
0079,0043
0004,ff78
ff86,0038
0067,0053
001c,ff81
ff83,001e
0050,0062
0036,ff8e
ff82,0000
0036,0073
0051,ff9d
ff82,ffe0
001a,0082
006c,ffaf
ff86,ffc0
fffc,008d
0083,ffc4
ff8f,ffa4
ffdf,0090
0091,ffdd
ffa0,ff8d
ffc3,0089
0095,fffa
ffba,ff7d
ffa9,0076
008e,001c
ffdd,ff75
ff92,0059
007d,003f
0006,ff75
ff7f,0034
0065,0060
002e,ff7c
ff74,000d
0048,007b
0051,ff89
ff71,ffe9
002a,008c
006c,ff9c
ff77,ffcb
000d,0092
007c,ffb4
ff87,ffb3
fff1,008c
0082,ffd1
ff9f,ffa2
ffd6,007e
0081,fff0
ffbc,ff94
ffbc,006a
007b,0012
ffdd,ff89
ffa2,0052
0073,0033
fffd,ff80
ff8c,003a
0068,0052
001d,ff7c
ff7a,0021
005a,006b
0039,ff7e
ff71,0006
0045,007e
0053,ff8a
ff73,ffe9
0029,0088
0069,ffa2
ff7f,ffc9
0004,008a
007b,ffc4
ff97,ffa9
ffdb,0083
0088,ffed
ffb7,ff8a
ffb1,0074
008d,0019
ffdc,ff73
ff8d,005d
0087,0042
0002,ff68
ff74,0040
0076,0063
0026,ff6b
ff6a,001d
005a,0079
0046,ff7d
ff6f,fff8
0034,0084
0061,ff9c
ff80,ffd2
0009,0086
0075,ffc2
ff99,ffaf
ffdf,007f
0082,ffea
ffb6,ff92
ffba,0072
0087,0010
ffd4,ff7e
ff9c,0060
0083,0030
fff2,ff75
ff8a,004a
0076,004a
000f,ff77
ff80,002e
005f,005e
002c,ff84
ff80,000c
003f,006e
004a,ff9a
ff86,ffe6
0019,007b
0067,ffb7
ff92,ffbf
fff1,0082
0080,ffd8
ffa4,ff9a
ffc9,0081
0090,fffb
ffbd,ff7e
ffa6,0076
0092,001f
ffde,ff6e
ff8b,005d
0085,0043
0005,ff6d
ff7a,0037
0067,0063
0030,ff7c
ff75,0008
003d,007d
005b,ff97
ff7b,ffd5
000d,008d
007e,ffbc
ff8d,ffa6
ffdc,0090
0094,ffe5
ffa8,ff83
ffb3,0085
0099,000e
ffcc,ff70
ff95,006b
008c,0034
fff5,ff6f
ff83,0044
006e,0054
0020,ff7c
ff7d,0016
0047,006d
0048,ff95
ff82,ffe7
001b,007e
006a,ffb5
ff8f,ffbc
fff0,0085
0081,ffd6
ffa3,ff9b
ffcc,0081
008b,fff8
ffbd,ff86
ffaf,0071
0087,0019
ffdd,ff7d
ff9a,0055
0075,0038
0004,ff80
ff8c,002f
0058,0057
002d,ff8d
ff85,0003
0033,0072
0056,ffa3
ff85,ffd5
000a,0085
0079,ffbf
ff90,ffab
ffe0,008d
008f,ffe1
ffa7,ff8a
ffba,0083
0095,0009
ffcb,ff76
ff99,0068
0087,0033
fff9,ff72
ff82,003d
0067,005c
002e,ff7f
ff77,0006
003a,007e
0060,ff99
ff79,ffce
0007,0093
0087,ffbe
ff8b,ff9d
ffd5,0095
009b,ffea
ffac,ff7b
ffaa,0083
0099,0018
ffd8,ff6d
ff8c,005e
0081,0044
000c,ff72
ff7c,002a
0057,0068
003f,ff89
ff7b,fff2
0025,0081
006a,ffac
ff88,ffbd
fff2,008b
0087,ffd5
ffa0,ff94
ffc5,0085
0092,ffff
ffc2,ff7d
ffa4,006e
0088,0026
ffeb,ff78
ff8f,0049
006d,0048
0017,ff83
ff87,001a
0045,0064
0042,ff9c
ff8a,ffe9
0017,0077
0067,ffbc
ff96,ffba
ffe9,0080
0081,ffe0
ffac,ff95
ffc1,007b
008c,0006
ffcb,ff7e
ffa1,0066
0083,002c
fff2,ff78
ff8c,0042
0068,004f
0020,ff84
ff82,0011
003e,006e
0050,ff9e
ff86,ffd9
0009,0082
0078,ffc5
ff98,ffa5
ffd4,0088
0092,fff2
ffb7,ff7d
ffa4,007a
0096,0022
ffe2,ff69
ff82,0058
0081,004f
0015,ff6d
ff73,0024
0055,0073
004a,ff89
ff78,ffe6
0019,0088
0077,ffb8
ff90,ffaa
ffd8,008b
0094,fff0
ffb7,ff7a
ff9f,007a
0099,0029
ffe8,ff62
ff78,0055
0084,0059
001d,ff66
ff6a,0022
0057,007a
004d,ff85
ff75,ffe7
001a,0087
0073,ffb8
ff95,ffaf
ffda,0081
0088,fff5
ffc3,ff83
ffa1,006a
0089,0030
fff6,ff6d
ff7c,0045
0075,005e
0026,ff70
ff6f,0018
004f,0079
004e,ff8b
ff7b,ffe7
001b,0080
0069,ffba
ff9b,ffba
ffe3,0075
0077,fff2
ffc9,ff95
ffaf,005c
0076,002a
fffa,ff7f
ff89,0039
0066,0059
0028,ff7c
ff76,0011
0049,0077
004e,ff8e
ff7b,ffe8
001f,0080
0067,ffb4
ff96,ffc0
ffed,0077
0073,ffe8
ffc2,ff9e
ffba,005d
0071,0022
fff7,ff87
ff8f,0037
0061,0058
002d,ff80
ff74,000a
0043,007f
005a,ff8e
ff73,ffdc
0018,008f
0079,ffb2
ff8c,ffb1
ffe4,0086
0083,ffe9
ffbd,ff90
ffb0,0064
0079,0029
fffd,ff7f
ff85,0030
005b,0066
0040,ff82
ff6e,fff3
002e,0091
0077,ff9b
ff72,ffb9
fff7,00a0
0096,ffc9
ff94,ff8d
ffc1,008d
0097,0005
ffd0,ff76
ff93,005c
0079,0046
0019,ff78
ff77,0016
0043,007c
0060,ff93
ff74,ffcb
0002,009b
0093,ffc2
ff8c,ff8d
ffc3,009a
00a6,fffc
ffbc,ff6a
ff92,0077
0094,0037
fffc,ff67
ff78,0039
0061,0068
0040,ff85
ff79,ffed
001a,0086
0078,ffba
ff93,ffa5
ffd0,008b
0098,fffa
ffc0,ff72
ff93,0074
0097,0037
fff8,ff60
ff72,0046
0075,0066
0030,ff72
ff71,0008
0038,007d
005e,ffa4
ff8e,ffc8
fff0,007c
007b,ffe7
ffbf,ff92
ffac,0065
0080,002c
fffa,ff74
ff7d,003d
006d,0063
0030,ff73
ff6d,000c
0045,0080
0058,ff91
ff7d,ffdb
000e,0081
006d,ffc8
ffaa,ffb0
ffd3,0068
006f,000a
ffe7,ff93
ff9f,003d
005d,0049
0025,ff89
ff7f,000a
003e,0077
0057,ff96
ff7a,ffda
0014,008a
0074,ffb7
ff92,ffb4
ffe6,007d
0078,ffea
ffc4,ff9d
ffba,0056
0064,0025
0004,ff97
ff99,001d
003e,005b
0044,ffa2
ff89,ffe0
000f,0081
0076,ffbe
ff91,ffac
ffdf,008a
008c,ffe7
ffb2,ff8b
ffb5,0073
0081,0018
ffe8,ff85
ff9a,003e
0058,0049
0029,ff98
ff91,fff8
001b,006f
0065,ffc1
ff9d,ffb1
ffd7,0080
008d,fff6
ffbe,ff7c
ff9e,0074
0094,002d
ffef,ff67
ff7c,004a
0074,005b
0028,ff79
ff7a,0009
0033,0076
005d,ffae
ff97,ffc0
ffe1,0078
0081,fff9
ffcd,ff82
ff94,0060
0088,0046
000f,ff61
ff62,0031
006c,0081
004d,ff6a
ff5a,fff4
0032,009a
0078,ff9d
ff80,ffb6
ffe5,008a
0087,ffef
ffca,ff87
ff9a,0057
0075,004a
0024,ff73
ff66,000e
0047,0093
0074,ff83
ff5b,ffc2
0006,00b3
00a3,ffb5
ff7e,ff88
ffc3,00a1
00a4,fffe
ffc8,ff6e
ff8e,005f
0077,004d
0027,ff7b
ff75,0000
0029,008a
007d,ffaa
ff7e,ffa1
ffd2,00a4
00b1,ffef
ffab,ff5e
ff89,008f
00b1,0036
ffef,ff4b
ff64,0050
007c,006f
003a,ff6e
ff6c,fff7
0021,0089
0079,ffbc
ff9d,ff9d
ffba,0080
0097,001d
ffe8,ff5e
ff69,0054
008c,0073
0036,ff4e
ff45,0013
0058,00a3
0072,ff74
ff5c,ffcc
0009,00a2
008c,ffc6
ffa5,ff94
ffb5,0070
007d,002b
0009,ff79
ff75,001f
004d,0084
0069,ff83
ff5c,ffc8
000a,00b4
00a5,ffaf
ff75,ff87
ffc7,00ac
00ad,fff3
ffb9,ff6d
ff97,006d
007e,003c
0014,ff80
ff85,000c
0029,0074
006a,ffb8
ff95,ffa8
ffcb,008c
00a1,0001
ffc2,ff62
ff81,007a
00a5,0045
fffe,ff4f
ff63,0045
0074,0070
0039,ff76
ff78,fff9
001f,0077
0063,ffc9
ffb7,ffae
ffbf,005b
0071,002c
0009,ff7c
ff74,0027
005f,007d
0053,ff71
ff57,ffec
0032,00a3
007e,ff93
ff71,ffbc
fff8,0092
007d,ffd8
ffbb,ffa2
ffc0,0051
0055,002a
001a,ffa5
ff9a,fff8
0016,0071
0070,ffc0
ff92,ffa6
ffd5,0093
009f,ffeb
ffaa,ff76
ffa7,0086
0098,0019
ffdd,ff76
ff9a,004d
005d,003c
001a,ffa5
ffae,fffa
0004,004e
0051,fff0
ffda,ffa8
ffac,0049
0070,003c
000c,ff74
ff73,0032
006c,006e
0035,ff6f
ff6c,000e
0046,0078
0048,ff9b
ff98,ffe7
0008,0058
0043,ffe9
ffe7,ffc8
ffc7,001c
002b,003f
003d,ffb8
ff96,ffdb
0009,007f
007a,ffbc
ff88,ffac
ffea,0093
008a,ffd3
ffa1,ff9f
ffd7,0073
0068,fff7
ffda,ffb5
ffd2,002b
0023,001f
0022,ffe3
ffda,ffd5
ffd4,0040
005f,0017
ffea,ff8e
ff98,004e
007d,003d
fffd,ff71
ff84,0045
0070,004a
000c,ff87
ff9e,0026
003d,003a
0016,ffc8
ffdb,fff9
fff3,0017
001b,001c
0022,ffcd
ffad,ffef
001b,0066
005a,ffae
ff83,ffd3
0016,0089
006e,ffaa
ff84,ffcc
000e,007a
0057,ffc2
ffb2,ffda
0002,003f
0021,fff0
fffc,fff5
fff4,ffed
ffe0,0026
0048,0011
ffe6,ffa3
ffaf,0051
007c,0021
ffdd,ff7c
ff9e,0063
0083,0021
ffdc,ff87
ffb4,0053
005b,0012
ffe6,ffbf
ffe7,0025
0012,fffc
fffb,000e
0022,ffe8
ffc0,ffea
0015,0058
004d,ffb1
ff86,ffe4
002c,0080
0059,ff94
ff77,ffee
0037,0077
0040,ff9c
ff9a,0002
0030,0041
000f,ffc8
ffe3,0015
0017,fff3
ffd8,000a
0038,0020
fff3,ffa9
ffb2,004b
007a,001a
ffcf,ff81
ffad,0073
008f,0007
ffba,ff89
ffc9,0073
006f,ffed
ffbc,ffbf
fffc,004a
0026,ffd9
ffd7,000e
0031,0004
ffce,ffd4
0003,0058
0052,ffba
ff87,ffe2
0032,0080
0052,ff88
ff6c,0000
0052,0078
0030,ff7f
ff87,0021
0057,0041
fffa,ffa5
ffd1,0038
003c,fff1
ffc5,ffee
002d,003b
000a,ffa5
ffa6,003f
007a,0025
ffd1,ff7b
ffab,007c
009b,fffe
ffa5,ff84
ffd2,008d
0083,ffd4
ff98,ffbc
000e,006c
003a,ffb7
ffb0,000f
0046,0022
ffda,ffb5
ffe6,005e
0064,ffca
ff87,ffd0
0029,008b
005d,ff84
ff5f,ffff
0060,0084
0030,ff68
ff71,0033
0077,004b
ffef,ff83
ffb9,0057
0064,fff4
ffb1,ffcb
001c,005c
002c,ffa0
ff90,0029
0076,0040
ffe3,ff6e
ff98,0079
00a7,0009
ffa1,ff72
ffc8,00a0
009c,ffcd
ff7f,ffaa
000f,008f
0058,ff9f
ff89,0004
0054,004a
fff3,ff93
ffbe,005e
007b,ffe9
ff91,ffae
000c,0097
0076,ff8f
ff55,ffe8
0057,009b
0046,ff5c
ff56,002c
0086,0066
fffa,ff61
ff94,0064
0088,000b
ffae,ff9f
fff9,007b
005a,ffaa
ff7d,ffff
0062,0066
000c,ff67
ff7a,0061
00a9,002e
ffb9,ff59
ffa7,00a1
00b5,ffe3
ff7d,ff86
fff4,00ab
0082,ffa1
ff6d,ffdf
0048,007a
0022,ff7e
ff8f,0045
0084,001e
ffb5,ff86
ffd7,0094
0094,ffb9
ff62,ffb8
002e,00b0
0070,ff6b
ff44,0003
0075,0090
0026,ff50
ff67,004e
0096,003e
ffce,ff70
ffbe,0080
0085,ffd7
ff85,ffc0
002a,0088
0049,ff7d
ff65,0024
0088,0063
fff5,ff50
ff79,007b
00b7,001e
ffa6,ff5d
ffb9,00a8
00aa,ffd0
ff75,ffa0
0011,009e
0065,ff91
ff71,0003
0063,0062
0000,ff75
ff9a,0063
0095,0007
ff9d,ff85
ffe1,00a3
0098,ffad
ff5c,ffbb
0030,00ad
006a,ff70
ff51,0006
006e,0081
001c,ff61
ff7d,004d
0089,002c
ffc6,ff84
ffd0,007d
007a,ffcc
ff83,ffcb
0030,0086
0048,ff7d
ff66,001e
007d,0068
0003,ff59
ff79,0065
00a2,002c
ffc1,ff68
ffb3,008b
0095,ffe5
ff92,ffa4
0003,0087
005d,ffa8
ff84,fffa
0050,005d
000c,ff84
ff99,004e
0085,001c
ffbd,ff83
ffc7,0088
0092,ffd7
ff84,ffa4
0002,009a
0077,ffa2
ff72,ffdd
003a,0080
003b,ff89
ff86,001e
0061,0043
fff0,ff90
ffba,0057
0070,fff7
ffab,ffb2
fffd,0079
0063,ffb0
ff7e,ffe4
003d,007b
003e,ff82
ff74,001b
0069,005f
000c,ff76
ff8f,0049
0079,002a
ffd6,ff8e
ffc7,0064
006c,ffea
ffaa,ffc2
000d,0069
0045,ffae
ff91,0003
004f,0056
0011,ff86
ff91,0042
007d,0031
ffda,ff7c
ffac,006f
008b,0000
ffad,ff93
ffdd,0081
0077,ffce
ff93,ffc6
0019,0073
0044,ffa5
ff91,000b
0053,004b
0000,ff8e
ffa8,004f
007b,0011
ffbb,ff91
ffd3,0081
0087,ffd3
ff87,ffaf
0009,0094
0070,ff9f
ff70,ffe3
0040,0081
003b,ff82
ff7e,0021
006a,004b
fff3,ff82
ffac,005c
007d,0001
ffab,ffa0
ffef,0083
0074,ffb4
ff76,ffd6
0038,008c
004d,ff79
ff63,0016
0073,0070
0013,ff61
ff78,0052
0092,0036
ffd0,ff71
ffb2,007c
008c,ffeb
ff97,ffa6
0002,0089
0065,ffa3
ff75,fff2
0053,0075
0025,ff70
ff75,0041
008f,0046
ffdd,ff61
ff96,007f
00a6,0006
ff9f,ff7a
ffd3,009c
0093,ffc4
ff79,ffb5
001b,0092
005b,ff90
ff74,0004
005e,0065
000e,ff77
ff8e,0051
008b,0022
ffbf,ff7c
ffc1,008a
0097,ffda
ff83,ff9f
0000,00a0
007f,ff9f
ff67,ffd7
003c,0090
004a,ff7c
ff70,0017
0069,005e
0005,ff78
ff99,0051
007e,0019
ffc0,ff91
ffd6,0079
007a,ffd1
ff8b,ffbf
0017,0088
005e,ff97
ff71,fff5
004f,007a
0032,ff77
ff75,002a
0073,0054
fffd,ff75
ff97,0054
007f,001e
ffca,ff8f
ffcd,006e
0072,ffe2
ffa0,ffbe
000c,0074
0052,ffab
ff87,fff6
0047,0067
0026,ff85
ff83,002e
0072,0049
fff6,ff76
ff96,005b
0087,001f
ffc8,ff82
ffbe,0076
0083,ffed
ffa4,ffa7
fff4,007c
0065,ffbc
ff8d,ffde
0030,006d
0035,ff93
ff88,001e
0066,004c
fffb,ff7c
ff98,0058
008a,001d
ffc2,ff7d
ffbb,0083
0094,ffe8
ff94,ff98
ffee,0094
007f,ffb5
ff7a,ffca
0028,0087
004f,ff8e
ff79,000b
005e,0060
000d,ff7a
ff91,004d
0085,0025
ffc6,ff7e
ffbd,0082
0093,ffe3
ff8b,ff9b
fff7,009d
0084,ffa7
ff69,ffcc
0032,0098
005a,ff7e
ff65,0008
0063,0073
001c,ff6f
ff81,0044
0082,0036
ffd7,ff7b
ffb5,0074
008a,fff0
ff9a,ff9f
fff5,008f
0079,ffae
ff72,ffd2
0033,008f
0054,ff7f
ff66,000a
0064,0075
0021,ff6b
ff77,003e
0080,0046
ffea,ff74
ffa1,0064
0085,000c
ffb8,ff94
ffda,007a
0075,ffd0
ff91,ffc4
0017,007d
0055,ff9f
ff7d,fff9
004c,006f
002b,ff7e
ff7c,002b
0072,0051
ffff,ff74
ff90,0053
0084,0029
ffd4,ff80
ffb5,006d
0081,fffb
ffaf,ff9f
ffe6,0079
006d,ffcb
ff93,ffcd
001c,0075
004a,ffa0
ff84,0002
0050,0063
001f,ff81
ff84,0036
0078,0045
fff0,ff74
ff97,0062
008e,001c
ffc2,ff7c
ffbb,007f
008e,ffec
ff9c,ff9b
ffed,008a
0077,ffbc
ff83,ffcd
0026,0080
004c,ff92
ff7a,000a
005d,0063
0014,ff76
ff84,0047
0087,0038
ffd9,ff6f
ffa2,0079
009b,0003
ffa5,ff80
ffcf,0095
0095,ffcf
ff81,ffa7
0005,0098
0074,ffa2
ff72,ffde
003b,0082
0041,ff83
ff78,001b
0069,0059
0004,ff77
ff92,0053
0087,0024
ffc9,ff7d
ffb8,007d
0091,ffee
ff9a,ff95
ffe6,0093
0086,ffbf
ff7d,ffba
0014,0091
0067,ff9c
ff76,ffe8
003d,007a
003b,ff89
ff81,0018
005e,0054
0009,ff84
ff9a,0045
0075,0026
ffd6,ff8b
ffbc,006a
0080,fff7
ffab,ff9d
ffe2,0082
007d,ffcb
ff8b,ffb8
0009,008b
006c,ffa8
ff7a,ffdb
002f,0082
004d,ff8f
ff79,0004
0052,0069
0023,ff81
ff88,0030
006f,0042
fff0,ff81
ffa5,005b
0081,0011
ffbd,ff8d
ffcc,007e
0087,ffdc
ff90,ffa7
fffb,0092
007c,ffac
ff72,ffcc
002a,0093
005f,ff88
ff67,fff9
0054,007f
0034,ff73
ff72,002a
0075,0057
ffff,ff71
ff91,0057
0087,0022
ffc8,ff81
ffbe,007a
008a,ffe9
ff99,ff9f
fff1,008e
007d,ffb6
ff78,ffc7
0022,0091
0062,ff8f
ff6b,fff2
004b,0081
003d,ff79
ff71,001c
0069,0062
0012,ff75
ff88,0042
0079,0038
ffe6,ff80
ffab,0060
007e,000a
ffbd,ff97
ffd4,0075
0079,ffdc
ff9a,ffb4
fffe,0081
006b,ffb4
ff82,ffd4
0025,0083
0057,ff95
ff75,fff6
0047,0078
003a,ff81
ff77,0019
0062,0061
0016,ff79
ff86,003c
0076,003f
ffed,ff7d
ffa3,005d
0082,0013
ffc1,ff8d
ffca,0079
0083,ffe2
ff98,ffa8
fff7,008b
0078,ffb3
ff78,ffcb
0025,0090
0061,ff8c
ff68,fff4
004f,0084
003f,ff73
ff6a,001e
006f,0068
0013,ff6b
ff7e,0046
0083,003e
ffe5,ff74
ffa2,0068
008a,000d
ffb8,ff8b
ffce,007f
0084,ffdc
ff94,ffac
fffc,008a
0073,ffb1
ff7b,ffd0
0026,0089
005b,ff91
ff71,fff5
0048,007c
003d,ff7f
ff74,0017
0061,0065
001b,ff79
ff84,0036
0071,0045
fff7,ff7f
ff9e,0051
0079,0020
ffd3,ff8c
ffbd,0069
007d,fff9
ffb0,ff9f
ffdf,007c
007a,ffd2
ff91,ffb6
0003,0088
007d,003d
ffe2,ff6c
ff96,0077
00a2,0010
ffae,ff75
ffc4,008f
008c,ffda
ff95,ffb3
000c,0075
0043,ffaf
ffa1,000f
0051,0030
ffe0,ffa0
ffd0,0067
007a,ffd8
ff86,ffb5
0013,009a
0075,ff8c
ff58,ffe8
0052,0096
0044,ff67
ff65,0026
0076,005a
fff8,ff78
ffab,005a
0072,fffb
ffac,ffba
0011,006f
0045,ff9d
ff7d,0016
0072,005c
fffe,ff61
ff7d,006b
00ac,0027
ffb5,ff5e
ffae,009d
00a9,ffe1
ff85,ff95
fffe,0098
006a,ffa4
ff7e,fff4
0051,005e
0005,ff85
ffa4,0059
0089,0002
ff9d,ff91
ffeb,009f
0091,ffa5
ff57,ffc5
003b,00ae
0066,ff66
ff4b,000f
0078,007f
0015,ff5c
ff7f,0056
008d,0023
ffbb,ff89
ffdf,0081
0072,ffba
ff78,ffe0
004b,0080
0031,ff68
ff63,0041
009e,0054
ffdf,ff4a
ff84,008d
00ba,000b
ff97,ff6b
ffd0,00a9
0098,ffbc
ff72,ffbe
002d,008c
0042,ff84
ff7c,0028
007c,0042
ffd7,ff74
ffb1,0085
00a2,ffe2
ff7a,ff92
ffff,00b4
0092,ff8e
ff4b,ffd4
004d,00a8
0051,ff60
ff58,0025
0081,0064
fff6,ff66
ff9b,0069
008c,ffff
ff9e,ff9e
fffe,008d
006b,ff9d
ff67,fff3
005f,0083
002a,ff5b
ff60,004a
00a0,0051
ffdd,ff50
ff8c,0087
00ac,0006
ff9d,ff7c
ffdd,0098
0082,ffbb
ff7c,ffd1
0037,007b
0031,ff85
ff83,0033
007f,003a
ffd4,ff74
ffaf,0082
009f,ffeb
ff88,ff8e
fff0,00a7
008e,ffa6
ff64,ffc8
0033,0099
0054,ff7e
ff6f,0011
0066,005d
0002,ff7e
ffa4,0054
007a,0008
ffb1,ffa1
fff0,007e
006d,ffb4
ff79,ffdc
003d,0084
0044,ff7a
ff69,001d
0074,0066
000a,ff68
ff84,0053
0088,002d
ffd0,ff81
ffc1,0070
0077,ffe8
ffa3,ffbc
000d,006f
0048,ffab
ff8e,0006
0054,0054
0009,ff84
ff96,004b
0082,0026
ffcd,ff7e
ffb7,0079
008d,fff1
ffa0,ff9a
ffe9,0086
0073,ffc2
ff8d,ffd0
0022,0071
003c,ffa1
ff96,0012
0054,0040
fff6,ff96
ffb6,0051
0072,0002
ffb4,ffa2
ffe6,007c
0076,ffc5
ff86,ffc4
001a,0088
005e,ff98
ff76,fff4
0048,0072
002c,ff85
ff89,0029
0067,003e
ffed,ff8e
ffba,0057
006f,fff9
ffaf,ffb2
fffc,0074
005f,ffb4
ff82,ffe8
003f,0077
0038,ff80
ff74,0023
0073,005c
0003,ff6c
ff89,0057
008b,0028
ffcb,ff7d
ffbe,0078
0081,ffe7
ff9b,ffb1
0008,007d
0058,ffa7
ff82,fffb
0052,0065
0018,ff7a
ff85,0047
008a,0035
ffd1,ff6e
ffa7,0082
00a0,fff6
ff96,ff87
ffe1,009d
008c,ffb9
ff75,ffc1
0026,008f
0053,ff8b
ff75,000e
0064,005d
0003,ff77
ff97,005a
008c,0014
ffb2,ff84
ffd2,0090
0092,ffc7
ff74,ffaf
0017,00a3
0074,ff89
ff5b,ffed
0056,008c
0038,ff69
ff6c,0031
007f,0051
ffed,ff6f
ffa1,0069
008b,0002
ffa6,ff97
ffec,0089
0077,ffb3
ff75,ffd6
003a,008a
0049,ff79
ff65,001b
0076,006b
000d,ff60
ff7a,0056
0094,0035
ffd0,ff6e
ffae,007c
008e,fff3
ff9f,ff9e
fff4,0084
006a,ffb5
ff84,ffe2
003a,0072
0031,ff88
ff82,0028
0072,004a
fff2,ff75
ff98,0062
008f,0017
ffbb,ff7f
ffc2,0084
008d,ffe2
ff96,ffa4
fff7,0088
006d,ffb6
ff87,ffda
002e,0072
0038,ff97
ff8e,0018
005c,0047
fffb,ff8b
ffa8,0051
007a,0012
ffc0,ff92
ffcf,007a
0082,ffdc
ff93,ffac
fffd,008b
0071,ffaf
ff7d,ffd5
002c,0081
004b,ff92
ff7e,0008
0054,005e
0013,ff86
ff98,003d
0071,0028
ffd6,ff90
ffc4,006b
007c,ffe9
ff9d,ffac
fffb,0086
0071,ffae
ff77,ffd7
0033,008a
0050,ff83
ff6b,000b
0062,0071
001e,ff6f
ff7d,003f
0080,003f
ffe2,ff78
ffab,006b
0087,fffd
ffa7,ff9b
ffec,0085
0075,ffb9
ff7b,ffd2
0032,0087
004d,ff81
ff68,0012
006d,006f
0017,ff63
ff74,004d
0092,0041
ffdc,ff65
ff9d,0079
0099,0004
ffa7,ff88
ffdb,008d
0081,ffc5
ff82,ffc3
0021,0086
0052,ff91
ff75,0008
0060,0068
0015,ff71
ff80,0049
008b,003a
ffd9,ff6c
ffa1,0079
009a,0003
ffa7,ff83
ffd2,0090
008c,ffcf
ff88,ffb1
000a,008b
0064,ffa5
ff7e,ffeb
0040,006f
002d,ff8a
ff89,0028
006b,0044
fff2,ff81
ffa3,005c
0084,0012
ffbd,ff8a
ffc9,007e
0088,ffe1
ff96,ffa4
fff4,008b
0077,ffb9
ff82,ffcb
001f,0082
0053,ff9b
ff81,fffb
0048,0066
0023,ff8b
ff90,002d
0069,003b
ffec,ff89
ffae,005c
007e,0008
ffb7,ff95
ffd6,007e
0082,ffd5
ff8d,ffaf
0003,008f
0073,ffa8
ff74,ffd7
0031,0089
0050,ff88
ff72,0007
005a,006c
001e,ff79
ff85,003b
0079,003b
ffe3,ff7e
ffad,0069
0088,ffff
ffa9,ff95
ffe1,008a
0083,ffc2
ff7c,ffbc
001b,0095
006a,ff8f
ff65,ffee
004f,0088
003f,ff70
ff68,0023
0075,0063
0009,ff69
ff86,0053
0089,002d
ffd0,ff7b
ffb7,0077
0089,ffef
ff9e,ffa0
fff3,0089
0075,ffb5
ff7b,ffd1
002d,0088
0053,ff88
ff6d,0005
005c,0075
0028,ff70
ff75,0034
007a,0052
fffa,ff6f
ff91,0058
0085,0024
ffcf,ff83
ffbc,0070
007f,fff3
ffa9,ffa5
ffee,007a
006b,ffc3
ff8e,ffd0
0020,0079
004e,ff9c
ff7f,fffe
004c,006c
002b,ff80
ff7d,0028
006e,0054
0005,ff75
ff8b,004c
0081,0033
ffde,ff7a
ffa8,0068
0086,0009
ffb8,ff91
ffd3,007a
007b,ffda
ff97,ffb6
0006,0080
0063,ffac
ff7f,ffe5
003a,0079
003f,ff85
ff74,0018
0069,0064
0014,ff6d
ff7b,0048
0089,0042
ffe5,ff69
ff95,006e
0097,0015
ffb9,ff7b
ffc0,0087
0090,ffe3
ff94,ffa0
fff6,008d
0075,ffb3
ff7c,ffd3
002e,0083
004c,ff8b
ff74,000b
005f,006a
001c,ff72
ff7c,003f
0083,0046
ffec,ff6c
ff93,0067
0093,001d
ffc3,ff79
ffb6,007f
0090,fff2
ffa3,ff95
ffe1,0087
007c,ffcb
ff8e,ffbe
000f,0080
005c,ffa9
ff84,ffeb
003a,006f
0036,ff8f
ff84,0019
005f,0056
000e,ff7e
ff8c,0041
007a,003a
ffe9,ff79
ff9e,0061
0089,0019
ffc6,ff81
ffb8,0078
008a,fff6
ffa9,ff95
ffdc,0083
007e,ffd1
ff91,ffb7
0007,0084
0065,ffac
ff80,ffe2
0035,0079
0041,ff8b
ff7a,0013
0061,0063
0016,ff74
ff7f,0042
0083,0043
ffe9,ff6c
ff93,006a
0097,001c
ffc0,ff74
ffb3,0085
0098,fff1
ff9d,ff8e
ffde,0091
0086,ffc7
ff85,ffb7
000e,008c
0066,ffa2
ff79,ffe7
003d,007a
003d,ff86
ff79,0019
0065,005e
0011,ff76
ff85,0044
0080,003e
ffe8,ff73
ff99,0065
008d,001b
ffc6,ff7d
ffb5,0079
008c,fff9
ffac,ff92
ffd7,0081
007f,ffd8
ff98,ffb0
fffb,0080
0069,ffba
ff8b,ffd4
0022,0078
004d,ff9e
ff83,fffb
0047,006a
002d,ff87
ff80,0022
0068,0056
000c,ff77
ff86,0046
0081,003d
ffe9,ff71
ff96,0065
0090,001e
ffc7,ff79
ffb2,007c
0091,fff9
ffa7,ff8e
ffd8,0089
0085,ffd1
ff8d,ffb1
0004,008b
006d,ffaa
ff7a,ffdc
0033,0082
004c,ff89
ff72,0009
005c,0070
0026,ff73
ff75,0033
007b,0055
0000,ff6a
ff85,0056
008c,0035
ffdd,ff70
ff9e,006d
008f,0012
ffbf,ff82
ffc0,007b
0087,ffef
ffa6,ff9e
ffe5,007f
0076,ffcd
ff93,ffbf
000a,007e
0061,ffaf
ff85,ffe0
002d,0078
0049,ff95
ff7c,0000
004c,006e
0031,ff81
ff79,001e
0065,0060
0018,ff75
ff7f,003a
0078,004b
fffb,ff72
ff8e,0053
0084,002f
ffdc,ff79
ffa7,006a
0089,000b
ffba,ff8b
ffc9,007d
0085,ffe3
ff9a,ffa4
fff1,008a
007a,ffbb
ff7f,ffc4
001a,008e
0067,ff98
ff6e,ffe7
003f,0088
004d,ff7e
ff69,000a
005d,0077
002e,ff71
ff71,002a
0072,005e
000d,ff70
ff84,0045
007d,003e
ffec,ff79
ff9f,005c
0081,001b
ffcc,ff89
ffbd,006e
0080,fff8
ffb0,ff9c
ffdb,007b
007b,ffd8
ff98,ffb0
fff7,0085
0075,ffbd
ff86,ffc3
0011,0089
006a,ffa6
ff7a,ffd8
0029,0087
005a,ff94
ff74,fff0
0040,007d
0044,ff86
ff76,000d
0058,006a
0025,ff7c
ff7f,002d
006e,0050
0002,ff77
ff8f,004e
0082,0030
ffdc,ff79
ffa5,006d
008f,000d
ffb8,ff82
ffbf,0084
0093,ffeb
ff9b,ff91
ffdc,0092
008e,ffcd
ff87,ffa7
fff9,0095
007e,ffb5
ff7d,ffc1
0014,008d
0068,ffa2
ff7b,ffdf
002e,007e
004d,ff95
ff7e,fffd
0046,006b
0031,ff8a
ff84,001a
005c,0058
0016,ff82
ff8a,0035
006f,0046
fffd,ff7b
ff91,004d
007f,0034
ffe6,ff78
ff9b,0062
008a,0020
ffd0,ff79
ffa9,0073
0090,000a
ffba,ff82
ffbe,007f
008e,fff0
ffa4,ff94
ffda,0088
0085,ffd3
ff90,ffac
fffb,008b
0075,ffb5
ff80,ffcb
001d,0089
0060,ff9a
ff74,ffea
003d,0081
0049,ff84
ff6f,0008
0057,0075
0032,ff76
ff72,0022
006a,0065
001b,ff72
ff7b,0036
0074,0052
0006,ff74
ff89,0046
0079,003d
fff1,ff7b
ff9b,0053
007c,0026
ffdc,ff85
ffae,0061
007e,000e
ffc6,ff8f
ffc2,0070
0081,fff6
ffaf,ff99
ffd6,007e
0083,ffdd
ff99,ffa4
ffeb,008b
0083,ffc5
ff85,ffb1
0001,0094
007d,ffae
ff77,ffc3
0017,0094
0070,ff9c
ff70,ffda
002f,008d
005b,ff8d
ff70,fff4
0045,007d
0041,ff83
ff76,0010
0059,0068
0024,ff7d
ff80,002b
006b,0052
0009,ff7a
ff8b,0043
0078,003d
fff1,ff79
ff96,0056
0082,002b
ffdf,ff7b
ffa0,0064
0088,001c
ffd0,ff7e
ffaa,006d
008a,000f
ffc4,ff83
ffb6,0075
008a,0000
ffb7,ff8c
ffc6,007c
0087,ffee
ffa8,ff99
ffdb,0082
0081,ffd8
ff97,ffab
fff3,0088
0079,ffbf
ff86,ffbf
000e,008b
006d,ffa6
ff77,ffd6
0028,008b
0060,ff91
ff6e,ffeb
003e,0087
0050,ff83
ff6b,ffff
004f,007e
0040,ff7b
ff6f,0011
005a,0070
002e,ff7a
ff78,001f
0061,0060
001d,ff7d
ff84,002d
0067,0050
000b,ff80
ff8f,003b
006e,003f
fff9,ff81
ff99,004a
0077,002f
ffe7,ff80
ffa0,005b
0082,0020
ffd5,ff7e
ffa8,006c
008d,0011
ffc3,ff7d
ffb1,007b
0094,0002
ffb2,ff81
ffbd,0086
0096,fff1
ffa4,ff8a
ffcd,008c
0090,ffe0
ff98,ff99
ffe1,008d
0085,ffce
ff90,ffac
fff7,008a
0077,ffbe
ff89,ffc1
000c,0085
0069,ffaf
ff84,ffd4
001e,0080
005c,ffa2
ff7f,ffe4
002c,007d
0054,ff98
ff7a,ffef
0038,007c
004e,ff8f
ff76,fff8
0041,007c
0049,ff88
ff72,0000
004a,007a
0041,ff81
ff72,000a
0054,0074
0036,ff7c
ff74,0018
005f,0069
0025,ff78
ff7a,002a
006b,0059
0011,ff76
ff83,003d
0077,0048
fffb,ff75
ff8d,004f
0081,0036
ffe8,ff76
ff98,005e
0087,0027
ffda,ff78
ffa0,0068
008b,001c
ffd0,ff7b
ffa7,006d
008b,0014
ffcb,ff7f
ffad,006f
0089,000f
ffc7,ff83
ffb3,0071
0087,0008
ffc1,ff89
ffbb,0073
0086,ffff
ffb8,ff8f
ffc6,0079
0085,fff1
ffac,ff97
ffd4,0080
0085,ffe0
ff9d,ffa0
ffe4,0089
0084,ffce
ff8e,ffaa
fff3,0090
0082,ffbe
ff83,ffb4
0001,0093
007d,ffb2
ff7d,ffbd
000b,0092
0077,ffac
ff7b,ffc6
0012,008e
0070,ffa9
ff7e,ffcd
0016,0088
0068,ffa9
ff82,ffd4
001b,0081
0060,ffa7
ff83,ffdc
0021,007d
0059,ffa3
ff82,ffe5
002b,007b
0053,ff9a
ff7c,ffef
0038,007b
004c,ff8f
ff75,fffb
0045,007b
0046,ff83
ff6f,0006
0052,007a
003e,ff79
ff6b,0011
005b,0077
0037,ff74
ff6d,0019
0060,0071
002f,ff75
ff72,001f
0061,0069
0028,ff79
ff7a,0022
0060,0060
0020,ff7e
ff82,0026
0060,0058
001a,ff82
ff87,002a
0062,0051
0013,ff82
ff89,0031
0068,004d
000d,ff7e
ff88,0039
0071,004b
0006,ff76
ff85,0043
007b,0048
ffff,ff6f
ff82,004c
0083,0045
fff8,ff6a
ff83,0054
0088,0041
fff2,ff6a
ff87,0058
0088,003b
ffee,ff6f
ff8e,0059
0084,0034
ffea,ff76
ff97,0058
007f,002d
ffe7,ff7e
ff9e,0057
007b,0027
ffe4,ff83
ffa4,0058
007a,0023
ffe0,ff84
ffa5,005b
007e,0020
ffdb,ff81
ffa4,0062
0085,001e
ffd5,ff7c
ffa2,006a
008d,001c
ffd0,ff76
ffa1,0071
0093,0019
ffcb,ff73
ffa1,0075
0095,0016
ffc8,ff75
ffa5,0076
0092,0013
ffc7,ff7a
ffab,0073
008c,000f
ffc8,ff82
ffb1,006e
0085,000c
ffc9,ff89
ffb6,006a
0080,000a
ffc9,ff8d
ffb9,0069
007f,0009
ffc7,ff8d
ffb9,006c
0083,0007
ffc4,ff89
ffb6,0072
008a,0006
ffbf,ff83
ffb4,0079
0091,0005
ffbb,ff7e
ffb2,007e
0096,0004
ffb8,ff7c
ffb1,0081
0096,0004
ffb8,ff7d
ffb3,007f
0092,0003
ffbb,ff81
ffb6,0079
008b,0004
ffbf,ff87
ffb9,0072
0084,0005
ffc4,ff8c
ffba,006c
0080,0007
ffc7,ff8e
ffba,006a
0080,0008
ffc7,ff8c
ffb8,006d
0084,0008
ffc4,ff88
ffb4,0072
008b,0008
ffc1,ff81
ffb1,0078
0092,0008
ffbe,ff7c
ffae,007c
0096,0009
ffbd,ff79
ffac,007c
0095,000b
ffc1,ff7a
ffab,0078
0090,000f
ffc7,ff7d
ffab,0070
0089,0013
ffcf,ff81
ffaa,0067
0082,0019
ffd7,ff84
ffa8,0060
007e,001d
ffdc,ff84
ffa6,005d
007e,0021
ffdd,ff81
ffa2,005e
0082,0022
ffdc,ff7c
ff9f,0062
0088,0023
ffda,ff77
ff9b,0067
008d,0025
ffd9,ff73
ff98,0068
008e,0027
ffdc,ff71
ff95,0065
008b,002c
ffe3,ff72
ff92,005d
0085,0033
ffee,ff75
ff8f,0052
007c,003c
fff9,ff78
ff8c,0046
0074,0044
0004,ff7a
ff89,003d
006f,004b
000b,ff7a
ff85,0038
006d,004f
000f,ff79
ff83,0037
006f,0052
000f,ff77
ff81,0038
0071,0053
000f,ff74
ff7f,0039
0072,0054
0011,ff74
ff7e,0036
006f,0057
0017,ff75
ff7c,002f
0068,005e
0021,ff78
ff79,0023
005e,0067
002f,ff7d
ff76,0014
0052,0071
003d,ff82
ff74,0005
0047,007a
004a,ff87
ff72,fff9
003e,0080
0052,ff8b
ff72,fff1
0039,0083
0056,ff8f
ff74,ffee
0035,0082
0056,ff92
ff77,ffec
0032,0080
0056,ff97
ff7b,ffe9
002c,007e
0058,ff9d
ff7f,ffe3
0024,007f
005e,ffa4
ff82,ffd8
0018,0082
0069,ffad
ff84,ffca
000a,0089
0076,ffb6
ff86,ffb9
fffb,008f
0082,ffc0
ff89,ffaa
ffed,0093
008b,ffca
ff8d,ff9f
ffe2,0093
008f,ffd4
ff95,ff98
ffd9,008e
008e,ffdf
ffa0,ff95
ffd1,0085
0089,ffea
ffad,ff94
ffca,007a
0083,fff6
ffba,ff93
ffc1,0070
007f,0002
ffc6,ff8f
ffb7,0068
007f,000f
ffd1,ff88
ffab,0064
0082,001b
ffd9,ff7e
ff9f,0062
0087,0027
ffe1,ff75
ff93,005f
0089,0033
ffeb,ff6e
ff89,0059
0087,003e
fff6,ff6c
ff82,004e
007f,004a
0006,ff6e
ff7e,003e
0072,0056
0018,ff75
ff7b,002a
0061,0062
002b,ff7e
ff7a,0015
0050,006e
003d,ff87
ff79,0002
0040,0077
004c,ff8f
ff78,fff2
0035,007f
0056,ff94
ff78,ffe8
002d,0083
005e,ff99
ff79,ffe0
0025,0086
0063,ff9f
ff7c,ffd8
001c,0086
0068,ffa8
ff82,ffce
000f,0086
0070,ffb5
ff8a,ffc0
fffd,0086
0079,ffc6
ff95,ffad
ffe7,0086
0084,ffda
ffa1,ff9a
ffcf,0085
008e,ffef
ffaf,ff88
ffba,0081
0094,0003
ffbd,ff7a
ffa8,007a
0095,0015
ffcd,ff73
ff9c,006e
008f,0024
ffdd,ff73
ff95,005f
0083,0031
ffef,ff78
ff91,004d
0075,003e
0002,ff7e
ff8d,0039
0067,004c
0014,ff83
ff87,0027
005a,005a
0027,ff86
ff80,0016
0050,0069
0039,ff86
ff78,0007
0047,0077
0049,ff88
ff72,fff8
003d,0083
0058,ff8c
ff70,ffe9
002f,008b
0065,ff97
ff74,ffd7
001b,008e
0072,ffa8
ff7f,ffc3
0002,008d
007d,ffc0
ff90,ffad
ffe7,0089
0086,ffdb
ffa4,ff98
ffcb,0081
008c,fff6
ffb8,ff86
ffb3,0078
008e,000e
ffcb,ff7a
ffa2,006d
008c,0021
ffdc,ff75
ff96,0060
0085,0030
ffec,ff75
ff90,0051
007a,003c
fffd,ff7a
ff8c,003f
006c,0049
0010,ff80
ff88,002b
005c,0058
0025,ff87
ff82,0015
004b,0068
003d,ff8d
ff7b,fffd
003a,007a
0055,ff93
ff76,ffe5
0028,008a
006a,ff9c
ff75,ffce
0014,0094
007c,ffaa
ff7b,ffb9
fffd,0096
0087,ffbf
ff8a,ffa6
ffe4,0090
008c,ffda
ffa1,ff95
ffca,0082
008b,fff9
ffbe,ff87
ffb0,006f
0086,0018
ffdc,ff7c
ff99,005a
007f,0035
fff7,ff76
ff88,0046
0075,004c
000f,ff74
ff7d,0033
006a,005d
0022,ff77
ff78,0021
005c,0068
0032,ff80
ff79,000e
0049,0070
0042,ff8d
ff7e,fff9
0033,0077
0053,ff9e
ff84,ffe0
0019,007e
0067,ffb2
ff8c,ffc4
fffd,0084
007b,ffc8
ff96,ffa8
ffdf,0088
008c,ffe0
ffa4,ff8f
ffc3,0087
0096,fff9
ffb6,ff7c
ffab,007d
0096,0014
ffcf,ff71
ff97,006a
008c,002f
ffee,ff6f
ff87,004e
0078,004a
0010,ff75
ff7d,002c
005e,0063
0032,ff81
ff78,0009
0042,0078
0050,ff90
ff77,ffe8
0026,0086
0068,ffa1
ff7c,ffcd
000e,008d
0078,ffb4
ff86,ffb8
fff7,008c
0080,ffc9
ff96,ffa8
ffe2,0084
0081,ffe0
ffab,ff9c
ffcc,0076
0080,fffb
ffc5,ff90
ffb4,0065
007c,001a
ffe2,ff84
ff9b,0051
0076,0039
0001,ff7a
ff84,003a
006d,0058
0020,ff75
ff73,0022
005e,0071
003d,ff78
ff6a,0006
0048,0084
0057,ff86
ff6d,ffe8
002a,008e
006d,ff9f
ff7b,ffc8
0005,008e
007e,ffc1
ff94,ffa8
ffdd,0086
0089,ffe9
ffb2,ff8d
ffb7,0078
008d,0010
ffd3,ff78
ff98,0064
0089,0033
fff2,ff6e
ff83,004d
007c,004f
000f,ff6f
ff79,0032
0067,0062
002a,ff7b
ff79,0014
004c,006f
0042,ff8f
ff80,fff5
002c,0077
0058,ffa8
ff8b,ffd5
000a,007c
006d,ffc3
ff99,ffb6
ffe8,007f
007f,ffde
ffa9,ff9a
ffc9,007d
008b,fffa
ffbc,ff84
ffae,0075
008e,0016
ffd5,ff77
ff98,0063
0086,0032
fff4,ff73
ff87,0046
0072,0050
0019,ff79
ff7b,0020
0053,006c
0041,ff88
ff77,fff5
002e,0084
0067,ff9f
ff7b,ffc9
0006,0093
0085,ffbc
ff88,ffa3
ffdf,0095
0096,ffde
ffa0,ff87
ffbd,0089
0098,0002
ffc2,ff78
ffa1,0070
008a,0026
ffea,ff75
ff8d,004c
0072,0048
0014,ff7d
ff81,0022
0052,0066
003c,ff8b
ff7c,fff9
0031,007c
005d,ff9e
ff7e,ffd4
0010,0089
0075,ffb5
ff89,ffb7
fff3,008b
0082,ffcf
ff9c,ffa1
ffd7,0082
0085,ffed
ffb7,ff92
ffbc,006f
007f,000f
ffda,ff88
ffa2,0053
0072,0034
0002,ff82
ff8b,0031
005e,0059
002c,ff83
ff79,000c
0046,0079
0052,ff8b
ff71,ffe7
0027,008e
0071,ff9f
ff77,ffc3
0004,0096
0086,ffbe
ff8d,ffa3
ffdc,008d
008e,ffe8
ffb2,ff8a
ffb4,0075
0089,0018
ffe1,ff79
ff8f,0052
0078,0049
0013,ff73
ff75,0027
005e,0072
0042,ff7a
ff68,fffb
003c,008d
0067,ff8e
ff6e,ffd3
0015,0097
007e,ffaf
ff84,ffb1
ffec,008e
0087,ffd9
ffa8,ff97
ffc4,0078
0083,0008
ffd4,ff86
ffa2,0057
0075,0035
0002,ff7f
ff87,0032
0061,005b
002c,ff80
ff78,000e
0047,0077
004d,ff8c
ff76,ffec
0029,0085
0066,ffa3
ff82,ffcd
0007,0086
0074,ffc3
ff9b,ffb1
ffe1,007a
007b,ffec
ffbe,ff98
ffba,0065
007a,001a
ffe8,ff84
ff96,0049
0070,0046
0014,ff7a
ff7a,0026
005d,006d
003d,ff7c
ff6c,0000
003f,0087
0060,ff8e
ff71,ffd8
0017,0091
007a,ffb1
ff89,ffb1
ffe7,008a
0087,ffe2
ffb2,ff8f
ffb5,0073
0088,001a
ffe5,ff77
ff8a,004f
0079,0050
001b,ff6e
ff6c,0023
005d,007b
004b,ff77
ff63,fff4
0036,0094
006f,ff93
ff71,ffc8
0006,0097
0084,ffc0
ff93,ffa2
ffd4,0085
0089,fff6
ffc4,ff87
ffa7,0064
007e,002d
fffb,ff79
ff84,0039
0067,005d
002d,ff7a
ff71,000d
0047,007e
0056,ff8b
ff72,ffe3
0021,008c
0070,ffa9
ff85,ffbf
fff7,0087
007c,ffd2
ffa8,ffa3
ffce,0072
007a,0002
ffd5,ff90
ffa8,0052
006e,0033
0005,ff85
ff8a,002c
0059,005d
0033,ff86
ff79,0003
003c,007c
0058,ff94
ff78,ffdd
0019,008a
0072,ffb1
ff8a,ffba
fff0,0086
007f,ffda
ffae,ff9c
ffc4,0070
007d,000e
ffdf,ff87
ff9a,004c
006e,0044
0016,ff7d
ff7b,001e
0052,0073
004b,ff83
ff6c,ffed
002b,0092
0075,ff9c
ff75,ffbe
fffc,009a
008d,ffc6
ff95,ff97
ffca,0089
0090,fffe
ffca,ff7e
ff9c,0061
007d,003a
000a,ff76
ff7a,0029
0059,0070
0049,ff81
ff6b,ffed
0029,0095
007b,ff9e
ff73,ffb5
fff4,00a0
0097,ffcb
ff94,ff8d
ffc2,008e
0097,0001
ffc9,ff78
ff9a,0063
007f,0039
0008,ff78
ff80,0029
0053,0069
0045,ff8c
ff78,ffe9
001e,0089
0076,ffae
ff84,ffb2
ffe9,0093
0091,ffda
ffa2,ff8b
ffbc,0084
0091,0009
ffcf,ff7b
ff9c,005f
007a,0036
0004,ff80
ff8b,002a
004f,005c
0039,ff97
ff89,fff0
001c,0076
0066,ffba
ff96,ffba
ffe8,0081
0083,ffe3
ffaf,ff92
ffbc,0079
008b,000d
ffd3,ff7d
ff9d,005e
007b,0034
ffff,ff7e
ff8c,0032
0057,0056
002f,ff93
ff8b,fffb
0024,006f
005c,ffb7
ff99,ffc2
ffeb,007a
007e,ffe5
ffb4,ff92
ffb6,0075
008c,0015
ffda,ff74
ff8f,005c
0082,0042
0009,ff70
ff7b,0030
005e,0066
003a,ff86
ff7d,fff6
0024,007c
0067,ffb4
ff95,ffb9
ffe1,007f
0086,fff0
ffbf,ff84
ffa1,006e
008e,0030
fff5,ff66
ff74,0048
007c,0065
002c,ff66
ff62,0014
004e,0087
005d,ff88
ff72,ffd7
000c,008f
007f,ffc4
ff9e,ff9e
ffc4,007c
008b,000f
ffde,ff75
ff86,0053
007e,0057
0023,ff66
ff60,001b
0058,008c
005f,ff77
ff5e,ffde
0020,00a1
0085,ffa7
ff7f,ffa9
ffdf,0092
008f,ffec
ffbe,ff84
ffa3,0065
007d,0037
000b,ff77
ff78,0025
0054,0076
0053,ff83
ff69,ffe1
001e,009b
0085,ffa7
ff7a,ffa8
ffe4,009d
0098,ffdd
ffa8,ff85
ffb2,007b
0089,001b
ffea,ff7c
ff90,003f
005e,0054
0031,ff8d
ff82,fff7
0022,007c
006c,ffb2
ff8c,ffb5
ffe5,008c
008f,ffe2
ffab,ff87
ffb2,007e
0091,0014
ffda,ff76
ff93,0056
0073,0041
0012,ff84
ff8b,001a
003d,0061
0047,ffaa
ff98,ffd8
fffb,0071
0070,ffde
ffb6,ff9f
ffbe,006d
0083,0014
ffde,ff7c
ff92,0055
007b,0042
000b,ff76
ff80,002c
0058,0061
0035,ff8f
ff8a,fff8
0020,006c
0058,ffc1
ffab,ffc1
ffdf,0065
006d,0000
ffdb,ff94
ffa3,004c
006f,003e
0010,ff7c
ff7c,0027
005a,006c
003f,ff81
ff73,fffa
0031,0081
0061,ffa4
ff8b,ffcb
fff8,007a
0070,ffe0
ffc0,ffa3
ffbc,0058
006a,0027
0005,ff8b
ff8a,0023
004f,0069
0049,ff8a
ff71,ffe8
0023,0092
007b,ffa4
ff7a,ffb3
ffee,0098
008f,ffd7
ffa8,ff8f
ffb9,0076
0080,0019
fff0,ff83
ff91,0034
0052,005c
0041,ff93
ff7e,ffe3
0010,008c
0085,ffbc
ff8a,ff99
ffcb,009a
00a7,fff5
ffb4,ff69
ff94,0080
009c,0032
fff5,ff62
ff77,0040
0065,0066
003e,ff85
ff7c,ffea
0010,0084
007c,ffc9
ffa2,ff95
ffb6,0083
009d,001a
ffde,ff5c
ff6f,0060
0094,0064
0023,ff4f
ff51,0023
0061,0091
005f,ff76
ff65,ffd9
000e,0097
0084,ffc6
ffa6,ff96
ffb4,0074
0088,0029
ffff,ff6c
ff6c,0033
0068,0081
0057,ff69
ff4c,ffe6
002e,00b4
0095,ff90
ff62,ffa3
ffe6,00b0
00a6,ffd9
ffa7,ff7a
ffa4,0078
0087,0031
0009,ff75
ff78,001c
0043,007e
006a,ff96
ff71,ffb9
ffee,00a8
00ac,ffd2
ff91,ff6d
ffa1,00a2
00b9,0019
ffd1,ff4f
ff73,006a
008e,0058
0020,ff68
ff70,0011
0036,007e
0068,ffad
ff95,ffb0
ffce,0082
0094,000a
ffd6,ff67
ff77,0063
0095,005f
0020,ff4c
ff4c,0029
006b,0094
005d,ff69
ff5b,ffe4
001f,009a
007c,ffb7
ff9d,ffa7
ffc8,0070
0078,001b
fffd,ff82
ff80,0027
0052,0077
005b,ff81
ff5f,ffd6
0018,00ac
0099,ffa4
ff6f,ff98
ffda,00aa
00a3,ffe2
ffae,ff7d
ffaa,0071
0079,002a
0007,ff8b
ff93,0013
002a,0066
005e,ffbb
ff9b,ffb1
ffd2,0084
0098,fffc
ffbf,ff6b
ff8d,007b
00a1,0039
fff3,ff58
ff71,004c
0076,005f
0029,ff7c
ff85,0005
0024,0067
0053,ffcb
ffc0,ffbb
ffc6,004f
0065,002a
000b,ff86
ff7c,0024
005a,0077
004d,ff76
ff5e,fff2
0036,0099
0071,ff93
ff77,ffc9
0003,0086
006d,ffd3
ffbe,ffb3
ffce,0047
0046,0023
001a,ffb5
ffa7,fff2
000c,0068
006c,ffca
ff9a,ffa7
ffd4,008c
0098,ffec
ffac,ff7e
ffb0,0081
008f,0010
ffd8,ff84
ffaa,004b
0054,002e
0011,ffb4
ffc0,fffb
fffe,003d
0046,fffc
ffe8,ffad
ffaa,003c
0066,0041
0013,ff7a
ff77,002c
0067,006b
0031,ff76
ff75,0011
0046,006c
003b,ffa1
ffa4,fff2
000d,0047
0031,ffed
fff3,ffd7
ffcf,000b
001a,0040
0044,ffc6
ff9f,ffd0
fffe,007c
007a,ffc5
ff8e,ffab
ffe9,008d
0083,ffd4
ffa4,ffa8
ffe0,006c
005c,fff0
ffd9,ffc5
ffe2,0024
0014,0013
001e,fff6
ffec,ffd0
ffc8,0033
0059,0026
fff8,ff8d
ff93,0044
0078,0043
0001,ff74
ff88,0042
006d,0045
0006,ff8e
ffaa,002a
003b,002b
0008,ffd1
ffeb,0002
fff4,0003
0009,0025
0032,ffd8
ffaf,ffde
000c,006b
0064,ffb8
ff86,ffc9
000f,008a
006f,ffae
ff87,ffcd
0011,0076
004f,ffc0
ffb4,ffe6
000e,0036
0011,ffe9
fffd,0008
0005,ffe2
ffcf,001c
0049,0024
fff6,ff9a
ffa1,0049
007b,002f
ffe6,ff78
ff99,005f
0082,0024
ffdb,ff89
ffba,0054
005a,0009
ffdc,ffc6
fff5,002b
0010,ffea
ffeb,001a
0034,fff1
ffbe,ffd5
0005,0064
005e,ffb9
ff84,ffd4
0021,0088
0062,ff97
ff75,ffe8
0035,0079
003f,ff9a
ff9a,0007
0038,003c
0003,ffc2
ffe5,0026
0026,ffe8
ffc5,0002
003b,0035
0003,ff9c
ff9f,0044
007d,002d
ffdb,ff76
ff9f,0070
0092,0011
ffbd,ff83
ffc6,0075
0072,ffeb
ffb5,ffc0
0005,0050
0027,ffcb
ffc8,0017
0043,000d
ffcc,ffbf
fff1,0065
0067,ffc2
ff82,ffcd
0024,008e
0064,ff8b
ff66,fff2
004d,0082
0038,ff7d
ff81,0020
005d,0045
fff6,ff9d
ffcc,0044
004c,ffec
ffb5,ffe3
002c,0050
001e,ff99
ff90,0035
ff7f,ffcc
002c,007c
003a,ff90
ff8a,0022
006b,003e
ffe3,ff85
ffb5,006c
008a,fff2
ff99,ff9a
fff1,0095
0082,ffaf
ff6f,ffca
002d,0092
0056,ff86
ff70,0007
005b,0067
0014,ff80
ff98,0040
006f,0020
ffcd,ff9c
ffdb,0069
0068,ffd3
ff95,ffcf
0023,0076
0048,ff95
ff7a,000b
005e,0066
0019,ff74
ff81,0041
007e,003d
ffe5,ff7a
ffaa,0064
007d,0005
ffb8,ffa2
ffe9,006e
005d,ffca
ff9b,ffe1
002e,005f
0029,ff9b
ff95,0026
0068,003c
ffec,ff84
ffa7,0061
0087,000c
ffb6,ff8a
ffce,0082
0085,ffda
ff93,ffaf
0003,0083
0061,ffaf
ff89,ffea
003a,0064
0023,ff95
ff9b,002d
0067,002d
ffdb,ff92
ffc3,0068
007d,ffeb
ff9b,ffa8
fff9,008b
0076,ffad
ff74,ffd4
0032,008c
0050,ff84
ff6f,000c
0061,0068
0013,ff78
ff8f,0046
007a,0027
ffcd,ff8d
ffcd,0072
0078,ffd9
ff90,ffbe
0019,0085
0059,ff93
ff6d,0000
005f,0077
0024,ff67
ff6e,0042
008e,004b
ffe5,ff63
ff97,0075
0099,000a
ffa9,ff87
ffdc,008c
007e,ffc2
ff81,ffcc
002d,0081
0043,ff87
ff76,001e
0074,0058
fff8,ff69
ff8c,0069
009f,001a
ffb1,ff70
ffbf,0099
00a1,ffd6
ff7e,ff9c
0001,00a1
007a,ff9d
ff6b,ffe1
0045,0081
0034,ff7c
ff7d,002f
0079,0043
ffe2,ff79
ffac,0071
0090,fff6
ff9a,ff94
ffec,0098
0087,ffb0
ff6c,ffc6
002d,009a
005e,ff7f
ff63,0004
0061,0077
0021,ff6f
ff7f,003f
007e,003a
ffdd,ff7f
ffb7,006c
007f,fff1
ffa1,ffaa
fffc,0081
0067,ffae
ff7b,ffe4
003e,007d
003d,ff7f
ff72,001e
006e,005f
000a,ff6f
ff87,004f
0085,0030
ffd7,ff7d
ffb4,006d
0080,fff8
ffac,ffa5
fff0,0076
0063,ffc1
ff91,ffde
002e,006b
0036,ff95
ff88,001b
0063,004f
0002,ff7d
ff94,0050
0083,0027
ffd1,ff7e
ffb3,0074
008a,fff8
ffa8,ff97
ffe2,0082
0076,ffca
ff8f,ffc6
0019,0079
004c,ffa2
ff88,0003
004f,005a
0012,ff88
ff95,0041
007a,002c
ffd5,ff81
ffb4,0074
008f,fff5
ff9f,ff92
ffe2,0092
0087,ffc0
ff7c,ffba
0018,0092
0064,ff96
ff72,fff3
004d,0075
0029,ff7d
ff83,0033
0076,003f
ffe4,ff7c
ffac,006c
008c,fffc
ffa2,ff94
ffe5,0092
0087,ffb9
ff72,ffbf
0023,009a
0067,ff86
ff60,fff8
005a,0083
0031,ff6b
ff6f,0033
007e,0051
fff0,ff6f
ff9c,0065
008b,000d
ffb1,ff8e
ffdb,0085
007f,ffc7
ff81,ffc1
001f,008d
005d,ff8e
ff6a,fffc
005a,007c
002d,ff6d
ff6f,0034
0080,0054
fff7,ff69
ff8f,0060
008d,001f
ffc4,ff81
ffc3,0079
0081,ffe5
ff9c,ffaf
0000,007f
0061,ffb0
ff84,ffe7
003b,0072
0036,ff8a
ff7f,001f
0069,0056
0006,ff76
ff8c,004e
0084,0030
ffd9,ff79
ffab,006e
0089,0004
ffb3,ff92
ffd6,007c
0079,ffd7
ff98,ffbb
0009,007a
0058,ffae
ff89,ffef
003d,0068
002c,ff8e
ff88,0025
006a,0049
fffa,ff7b
ff97,0057
0088,0022
ffca,ff7c
ffb5,007b
0091,fff4
ffa1,ff92
ffe0,008d
0083,ffc6
ff85,ffbc
0015,0089
005e,ff9d
ff7a,fff4
004a,006f
0028,ff80
ff82,0031
0077,0045
ffeb,ff75
ff9d,0069
0093,000f
ffb2,ff7f
ffc6,008f
0097,ffd8
ff86,ff9d
fff9,009d
0081,ffa8
ff6f,ffce
002e,0090
0055,ff86
ff6f,0007
005d,006b
001a,ff77
ff86,0041
007e,0036
ffdc,ff7b
ffae,0070
008d,fffc
ffa5,ff91
ffde,008d
0087,ffc6
ff80,ffb5
000f,0094
006f,ff9d
ff70,ffe0
003a,0085
0048,ff85
ff76,000e
005c,0063
0018,ff7f
ff8e,003a
0072,0036
ffe5,ff87
ffb2,005f
007b,0004
ffb7,ff9b
ffdb,0079
0079,ffd4
ff92,ffb7
0006,0086
006b,ffab
ff7b,ffda
002e,0084
0051,ff8e
ff75,0000
0050,0070
002c,ff7f
ff80,0028
006b,004e
fffe,ff7d
ff9a,0050
007c,0020
ffcd,ff8a
ffc2,0072
0082,ffeb
ff9e,ffa4
fff1,0089
0079,ffb8
ff7b,ffc8
0023,0090
0061,ff8d
ff68,fff4
0050,0083
003b,ff72
ff6b,0023
0073,0063
000b,ff6b
ff84,004f
0087,0033
ffd7,ff78
ffaf,0072
008b,fffa
ffa6,ff96
ffe3,0088
007f,ffc3
ff81,ffc0
0019,008e
0064,ff96
ff6d,ffee
0048,0083
0040,ff78
ff6d,001b
006b,0068
0017,ff6f
ff7f,0041
007e,0042
ffec,ff77
ffa0,005f
0082,0015
ffc4,ff8e
ffca,0073
007b,ffe7
ffa2,ffae
fff7,007d
006b,ffbc
ff89,ffd2
0022,007e
0054,ff99
ff7a,fff7
0047,0075
0038,ff82
ff77,001a
0064,0062
0017,ff76
ff83,003c
0078,0044
fff2,ff78
ff9b,005a
0082,001c
ffca,ff88
ffc0,0073
0082,ffee
ffa3,ffa3
ffee,0084
0076,ffbe
ff82,ffc7
001e,008a
0060,ff94
ff6e,fff1
004b,0082
003f,ff76
ff69,001d
006f,006b
0017,ff68
ff78,0045
0086,0046
ffeb,ff6d
ff97,0066
008e,0018
ffc0,ff82
ffc3,007d
0087,ffe6
ff9b,ffa4
fff3,0088
0075,ffb9
ff80,ffcc
0022,0087
005a,ff94
ff72,fff5
0049,007b
003b,ff7d
ff73,001b
0066,0065
0019,ff74
ff80,003a
0077,0048
fff7,ff78
ff98,0053
007e,0025
ffd6,ff87
ffb7,0068
007d,fffe
ffb5,ff9d
ffdc,0077
0076,ffd7
ff98,ffb7
0002,0081
006a,ffb2
ff80,ffd5
0027,0084
0058,ff92
ff72,fff6
004a,007d
003e,ff7c
ff6f,0018
0067,0069
001c,ff70
ff7b,003b
007c,004a
fff4,ff72
ff95,005c
0088,0020
ffca,ff80
ffb9,0077
008a,fff2
ffa2,ff99
ffe5,008a
0081,ffc4
ff82,ffba
0010,0091
006e,ff9e
ff6f,ffde
0037,008c
0054,ff83
ff6a,0002
0056,0079
0033,ff76
ff74,0024
006b,005d
000f,ff76
ff89,0041
0077,003b
ffeb,ff7f
ffa5,005a
007d,0016
ffc9,ff8e
ffc4,006f
007e,fff1
ffaa,ffa1
ffe3,007e
007a,ffcf
ff91,ffb5
0001,0088
0072,ffb3
ff7f,ffcc
001d,008a
0063,ff9b
ff75,ffe6
0038,0082
004c,ff89
ff74,0005
0053,0070
002c,ff7d
ff7c,0027
006c,0054
0006,ff78
ff8e,004b
0080,0030
ffdc,ff7b
ffa8,006d
008e,0009
ffb4,ff86
ffc7,0086
0091,ffe2
ff93,ff99
ffe8,0095
0089,ffbf
ff7e,ffb3
0009,0097
0076,ffa5
ff74,ffd2
0028,008b
005b,ff92
ff75,fff4
0044,0077
0039,ff87
ff7e,0016
005b,005c
0017,ff81
ff8c,0036
006f,0040
fff5,ff80
ff9c,0052
007e,0025
ffd8,ff82
ffac,0069
0088,000c
ffbe,ff87
ffbe,007b
008c,fff3
ffa9,ff92
ffd4,0086
0088,ffdb
ff96,ffa3
ffee,008b
007c,ffc2
ff87,ffbd
000d,0089
0068,ffa7
ff7c,ffde
0030,0080
004d,ff8f
ff76,0003
0053,0070
002d,ff7a
ff77,0028
0071,005b
000c,ff6d
ff7f,004a
0086,0042
ffec,ff6b
ff8f,0064
0091,0027
ffd0,ff73
ffa6,0075
0091,000a
ffb9,ff84
ffc2,007d
0088,ffee
ffa7,ff9b
ffe0,0080
007a,ffd3
ff97,ffb5
fffe,007f
006a,ffba
ff8b,ffd0
001a,007d
005a,ffa4
ff80,ffe8
0034,007a
004b,ff90
ff77,ffff
004b,0075
003a,ff80
ff74,0015
005f,006b
0027,ff75
ff77,002b
0070,005b
000f,ff71
ff82,0043
007d,0043
fff2,ff74
ff95,005a
0086,0025
ffd2,ff7d
ffae,0070
008b,0003
ffb3,ff8c
ffcc,0082
008a,ffe1
ff98,ff9f
ffe9,008e
0084,ffc3
ff84,ffb4
0004,0092
0078,ffac
ff79,ffc9
001b,008f
0068,ff9d
ff76,ffdf
002e,0085
0055,ff93
ff79,fff4
003f,0076
0040,ff8d
ff7f,000a
004e,0065
0029,ff88
ff86,0021
005f,0054
0011,ff82
ff8c,0039
0071,0042
fff9,ff7b
ff93,0051
0082,002f
ffe0,ff77
ff9d,0067
008f,001c
ffc9,ff77
ffaa,007a
0096,0006
ffb4,ff7f
ffbd,0086
0094,ffef
ffa1,ff8e
ffd6,008c
008b,ffd6
ff92,ffa5
fff2,008c
007b,ffbe
ff86,ffc0
000f,0087
0067,ffa9
ff7f,ffdb
0029,0080
0054,ff97
ff7a,fff4
003f,0078
0043,ff89
ff77,0008
0050,0070
0034,ff80
ff78,0018
005d,0067
0027,ff7b
ff7a,0025
0066,005e
0019,ff78
ff80,0033
006f,0051
0008,ff78
ff89,0043
0078,003f
fff3,ff79
ff97,0055
0081,0029
ffda,ff7d
ffa8,0069
0089,000f
ffc0,ff84
ffbb,007b
008f,fff5
ffa8,ff8d
ffd0,008a
008f,ffdd
ff95,ff9a
ffe4,0092
008b,ffc9
ff88,ffa8
fff6,0093
0081,ffbb
ff83,ffb9
0006,008e
0073,ffb0
ff82,ffca
0016,0085
0063,ffa8
ff82,ffdc
0025,007c
0053,ff9f
ff82,ffee
0035,0073
0045,ff95
ff80,0000
0046,006d
0037,ff88
ff7b,0012
0058,0068
002a,ff7c
ff77,0024
0069,0062
001c,ff71
ff76,0035
0077,0059
000c,ff6b
ff7b,0045
0081,004c
fffb,ff6b
ff86,0053
0087,003a
ffe8,ff71
ff96,0060
0088,0025
ffd6,ff7c
ffaa,006a
0086,000f
ffc4,ff89
ffbd,0072
0084,fffb
ffb5,ff94
ffcd,0079
0082,ffeb
ffa8,ff9c
ffd9,0080
0082,ffde
ff9e,ffa2
ffe2,0086
0083,ffd4
ff96,ffa5
ffe9,008b
0083,ffcb
ff8e,ffab
fff2,008e
0080,ffc1
ff87,ffb4
ffff,008e
0079,ffb5
ff81,ffc2
0010,008c
006d,ffa8
ff7b,ffd4
0023,0087
005e,ff99
ff77,ffe9
0038,007f
004d,ff8c
ff74,fffe
0049,0077
003e,ff82
ff74,000e
0056,0070
0032,ff7c
ff75,001a
005e,0069
002a,ff7a
ff78,0021
0062,0064
0024,ff7a
ff7b,0026
0064,005e
001e,ff7b
ff7f,002b
0067,0058
0015,ff7b
ff84,0033
006d,004e
0009,ff7a
ff8a,003f
0075,0043
fff9,ff79
ff90,004f
0080,0035
ffe8,ff77
ff98,005f
0089,0026
ffd7,ff76
ffa0,006d
0090,0018
ffc8,ff78
ffa9,0077
0093,000d
ffbf,ff7c
ffb1,007b
0091,0005
ffba,ff83
ffb9,007b
008c,ffff
ffb8,ff8a
ffc0,0078
0086,fff9
ffb7,ff92
ffc8,0076
0081,fff3
ffb2,ff99
ffd0,0078
007f,ffea
ffaa,ff9e
ffd9,007d
0080,ffdf
ff9f,ffa3
ffe3,0085
0083,ffd2
ff92,ffa8
ffee,008e
0084,ffc4
ff87,ffad
fff8,0094
0084,ffb9
ff7f,ffb4
0001,0096
0080,ffb2
ff7c,ffbb
0008,0093
0079,ffaf
ff7e,ffc3
000e,008c
0070,ffae
ff82,ffcb
0012,0085
0067,ffae
ff86,ffd2
0017,007f
0060,ffac
ff87,ffd9
001d,007c
005c,ffa7
ff83,ffdf
0025,007e
005a,ff9e
ff7c,ffe5
002e,0082
0059,ff94
ff73,ffeb
0037,0086
0058,ff8a
ff6c,fff1
003f,0088
0055,ff84
ff6a,fff7
0045,0086
0050,ff81
ff6c,fffc
0047,0080
0049,ff83
ff72,0001
0048,0078
0041,ff87
ff79,0005
0048,006f
003a,ff8b
ff7f,0009
0049,0069
0035,ff8c
ff81,000d
004c,0066
0032,ff89
ff7f,0012
0052,0067
0030,ff83
ff7a,0016
0059,006a
002f,ff7b
ff73,001b
0060,006e
002e,ff74
ff6e,0020
0066,006f
002c,ff70
ff6d,0023
0068,006c
0028,ff70
ff71,0025
0067,0067
0024,ff75
ff78,0026
0064,0060
0020,ff7c
ff80,0026
0060,005a
001d,ff81
ff85,0026
005e,0056
001b,ff84
ff87,0028
0060,0055
001a,ff81
ff84,002a
0064,0057
001a,ff7b
ff7e,002e
006b,005b
0019,ff74
ff78,0031
0071,005e
0019,ff6e
ff74,0034
0074,0060
0019,ff6b
ff73,0035
0074,005f
0018,ff6e
ff77,0034
0070,005c
0018,ff74
ff7d,0031
0069,0058
0018,ff7b
ff83,002d
0063,0055
0018,ff81
ff87,002a
0060,0054
0019,ff83
ff87,0029
0060,0056
001a,ff80
ff83,002a
0064,0059
001b,ff7a
ff7c,002c
006a,005d
001c,ff73
ff76,002f
006f,0061
001d,ff6e
ff72,0030
0070,0064
001f,ff6d
ff72,002e
006d,0064
0021,ff71
ff75,0029
0066,0064
0025,ff78
ff7a,0022
005d,0063
0029,ff80
ff7e,001a
0055,0064
002d,ff86
ff80,0014
0050,0065
0031,ff88
ff7f,0011
004f,0068
0033,ff86
ff7b,0011
0052,006c
0035,ff81
ff75,0012
0056,0071
0037,ff7b
ff70,0013
0059,0074
0039,ff79
ff6e,0011
0057,0077
003d,ff7a
ff6e,000c
0050,0079
0042,ff80
ff72,0003
0046,007a
0049,ff8a
ff76,fff8
003a,007c
0051,ff93
ff7b,ffed
002f,007e
0058,ff9b
ff7d,ffe4
0028,0080
005d,ff9e
ff7d,ffdf
0025,0083
0060,ff9e
ff7b,ffde
0025,0085
0061,ff9c
ff78,ffde
0026,0087
0062,ff9b
ff77,ffdd
0025,0088
0065,ff9d
ff78,ffd9
001f,0089
0069,ffa3
ff7c,ffd1
0015,008a
0070,ffad
ff82,ffc4
0006,008b
0078,ffba
ff89,ffb7
fff7,008b
0080,ffc6
ff90,ffaa
ffe9,008c
0086,ffd1
ff96,ffa1
ffe0,008b
0089,ffd8
ff9a,ff9c
ffdb,0089
0089,ffdc
ff9e,ff9b
ffd9,0086
0086,ffdf
ffa2,ff9c
ffd8,0082
0084,ffe3
ffa7,ff9c
ffd4,007d
0082,ffea
ffaf,ff98
ffcb,0079
0083,fff5
ffb8,ff90
ffbf,0074
0087,0003
ffc3,ff86
ffaf,0071
008b,0013
ffcf,ff7a
ffa0,006c
008f,0022
ffda,ff71
ff93,0067
008f,002f
ffe4,ff6c
ff8c,005f
008a,0038
ffef,ff6d
ff89,0055
0081,003f
fff9,ff73
ff8a,0048
0076,0044
0004,ff7a
ff8a,003b
006a,004b
0010,ff81
ff89,002e
0060,0053
001c,ff84
ff85,0022
0059,005d
0028,ff84
ff7d,0018
0055,0069
0035,ff81
ff75,000f
0051,0075
0041,ff7f
ff6e,0005
004b,007f
004c,ff81
ff6b,fffa
0041,0086
0057,ff88
ff6e,ffec
0032,0089
0061,ff95
ff76,ffdc
001f,008a
006b,ffa6
ff81,ffca
000a,0089
0074,ffba
ff8d,ffb9
fff6,0087
007d,ffcb
ff97,ffaa
ffe5,0085
0083,ffd9
ff9f,ff9f
ffd9,0084
0087,ffe3
ffa5,ff97
ffd0,0082
0089,ffeb
ffab,ff92
ffc9,007f
0089,fff3
ffb3,ff8e
ffc1,0079
0088,ffff
ffbf,ff89
ffb5,0070
0086,000f
ffd0,ff83
ffa6,0064
0083,0023
ffe4,ff7b
ff94,0056
007f,003a
fffb,ff73
ff83,0046
0079,0050
0010,ff6e
ff76,0036
0071,0062
0023,ff6e
ff6f,0025
0065,006f
0032,ff74
ff6e,0015
0056,0075
003f,ff7f
ff74,0004
0044,0078
004a,ff8f
ff7c,fff3
0030,0079
0055,ff9f
ff84,ffe1
001d,007c
0061,ffae
ff8b,ffcf
000a,0080
006e,ffbb
ff8e,ffbd
fffa,0086
007b,ffc6
ff91,ffad
ffea,008b
0087,ffd1
ff96,ff9e
ffdb,008c
008e,ffdf
ffa0,ff91
ffca,0088
0091,fff1
ffb1,ff87
ffb8,007d
008e,0008
ffc8,ff7e
ffa5,006b
0087,0022
ffe3,ff78
ff93,0056
007d,003d
ffff,ff74
ff83,003f
0071,0055
0019,ff74
ff77,0029
0064,0067
002e,ff77
ff72,0017
0056,0073
003d,ff7f
ff72,0006
0047,0079
0049,ff8a
ff78,fff6
0036,007b
0053,ff99
ff80,ffe6
0022,007c
005f,ffaa
ff89,ffd2
000c,007e
006c,ffbd
ff93,ffbc
fff4,0082
007b,ffd0
ff9c,ffa5
ffdb,0085
008a,ffe4
ffa7,ff90
ffc4,0084
0093,fff9
ffb6,ff7f
ffae,007e
0096,000f
ffc9,ff74
ff9c,0070
008f,0027
ffe3,ff70
ff8d,0059
0081,003f
0000,ff73
ff82,003c
006c,0056
001f,ff7b
ff7b,001d
0054,006b
003c,ff85
ff77,0000
003d,007c
0055,ff92
ff76,ffe6
0028,0087
0066,ff9f
ff7b,ffd2
0015,008b
0071,ffae
ff84,ffc2
0003,008a
0078,ffbf
ff91,ffb4
ffef,0083
007b,ffd5
ffa3,ffa6
ffd8,007a
007f,ffee
ffb9,ff96
ffbf,006f
0082,000b
ffd1,ff85
ffa4,0062
0083,0028
ffea,ff76
ff8c,0053
0080,0045
0004,ff6c
ff78,003f
0076,005e
001f,ff6c
ff6e,0027
0064,0071
0039,ff75
ff6c,000a
0049,007f
0052,ff89
ff74,ffea
0027,0086
0068,ffa5
ff83,ffc9
0003,0088
007a,ffc4
ff95,ffab
ffe1,0086
0087,ffe2
ffa9,ff93
ffc4,007f
008d,fffd
ffbe,ff83
ffae,0074
008c,0014
ffd3,ff7b
ff9f,0064
0083,0029
ffe9,ff7a
ff94,004f
0075,003c
0003,ff7f
ff8c,0035
0061,0051
001f,ff86
ff84,0018
004b,0067
003e,ff8f
ff7d,fff8
0032,007c
005c,ff9b
ff7a,ffd9
0018,008c
0075,ffab
ff7e,ffbb
fffc,0095
0088,ffc1
ff8b,ffa2
ffdf,0092
0091,ffde
ffa3,ff8d
ffc1,0084
0090,0001
ffc5,ff7f
ffa4,006b
0086,0027
ffec,ff77
ff8b,004a
0074,004c
0015,ff75
ff78,0027
005e,006c
003a,ff7c
ff6e,0005
0045,0082
0057,ff89
ff6f,ffe7
0029,008c
006a,ff9e
ff7b,ffcd
000d,008b
0075,ffb9
ff8f,ffb7
ffef,0082
007b,ffd9
ffaa,ffa3
ffd0,0074
007c,fffb
ffc7,ff91
ffb3,0062
007b,001d
ffe5,ff82
ff98,0050
0077,003d
0003,ff78
ff82,003b
006e,0058
001f,ff75
ff75,0022
005c,006e
003a,ff7d
ff71,0005
0041,007e
0055,ff90
ff78,ffe2
001d,0087
006e,ffaf
ff89,ffbd
fff2,0088
0083,ffd5
ffa3,ff98
ffc7,0081
0090,ffff
ffc2,ff7b
ffa0,0072
0092,0028
ffe5,ff6a
ff83,0059
0087,004b
0009,ff67
ff73,0039
006e,0066
002c,ff74
ff71,0012
004a,0077
004c,ff8d
ff7b,ffe9
0021,0081
0068,ffaf
ff8d,ffc2
fff6,0083
007c,ffd3
ffa3,ffa0
ffcf,007e
0088,fff6
ffbc,ff88
ffb1,0072
008a,0016
ffd7,ff7a
ff9a,005f
0081,0031
fff4,ff78
ff8c,0045
006e,004a
0014,ff80
ff85,0023
0052,0060
0036,ff8f
ff83,fffc
002f,0075
0059,ffa5
ff87,ffd3
0008,0084
0078,ffc0
ff92,ffac
ffe1,008b
008d,ffe0
ffa5,ff8c
ffbd,0085
0096,0003
ffc3,ff77
ff9e,0071
008e,0029
ffeb,ff6f
ff87,004e
0076,004f
0019,ff76
ff78,001f
0051,0070
0048,ff89
ff75,ffec
0025,0089
0071,ffa6
ff7e,ffbc
fff7,0095
008e,ffca
ff93,ff95
ffcd,0091
0099,fff1
ffb3,ff7d
ffab,007c
0091,0019
ffdb,ff74
ff92,0058
007a,003f
0009,ff7a
ff84,002c
0058,005f
0035,ff8b
ff80,fffd
0030,0078
005c,ffa3
ff84,ffd1
0009,0086
0078,ffbf
ff91,ffae
ffe5,0089
0087,ffde
ffa7,ff95
ffc6,007d
0088,ffff
ffc6,ff87
ffac,0065
007c,0022
ffed,ff83
ff96,0042
0065,0046
0019,ff87
ff86,0018
0046,0068
0046,ff94
ff7e,ffeb
0022,0083
006c,ffa9
ff81,ffc0
fffb,0091
0088,ffc7
ff92,ff9c
ffd3,008e
0093,ffed
ffb3,ff83
ffae,0078
008c,001b
ffe1,ff77
ff8f,0050
0074,0049
0018,ff79
ff79,001d
004f,0073
004e,ff89
ff71,ffe5
0020,0091
007a,ffa7
ff7b,ffb3
fff0,009b
0095,ffce
ff95,ff8d
ffc3,0090
009a,fffd
ffc0,ff77
ff9f,006f
0089,002c
fff4,ff74
ff86,003f
0067,0058
002b,ff81
ff7a,0008
003a,007a
005c,ff9b
ff7d,ffd2
000a,008d
007e,ffbd
ff8e,ffa7
ffde,008d
008f,ffe4
ffab,ff8b
ffba,007c
008b,000c
ffd3,ff7f
ff9f,005a
0076,0033
0001,ff83
ff8e,002e
0054,0057
0031,ff92
ff87,fffc
002b,0073
005b,ffaa
ff8a,ffcd
0000,0084
007b,ffc9
ff99,ffa5
ffd8,0085
008b,ffec
ffb4,ff8a
ffb5,0076
0088,0013
ffdb,ff7e
ff9a,0054
0073,003c
000b,ff81
ff87,0024
004e,0063
003f,ff92
ff80,ffed
001f,0081
006e,ffb0
ff88,ffb7
ffeb,008f
008f,ffd8
ffa0,ff8b
ffbb,0089
009a,0007
ffc8,ff71
ff94,006c
008c,0037
fffc,ff6d
ff7c,003a
0065,0063
0036,ff80
ff76,fffc
002e,0083
006b,ffa6
ff82,ffbc
ffef,0091
0091,ffd8
ffa1,ff87
ffb5,008a
009e,000e
ffcd,ff68
ff8a,006c
0090,0041
0002,ff65
ff74,003a
0069,0068
0037,ff7c
ff75,fffd
002f,0080
0066,ffa8
ff8a,ffc0
ffee,0086
0085,ffe0
ffaf,ff8e
ffb3,0079
0090,0018
ffdc,ff70
ff89,005b
0084,0047
000c,ff6c
ff76,0030
0061,0068
0038,ff81
ff7a,fffe
002f,0078
005b,ffab
ff93,ffcb
fff5,0077
0073,ffe0
ffb8,ff9e
ffbe,0068
007d,0017
ffe4,ff80
ff93,004e
0075,0046
0010,ff76
ff7b,002a
005c,0067
0038,ff83
ff7a,0000
0034,0078
0058,ffa5
ff8e,ffd3
0000,0077
006d,ffd7
ffb4,ffa8
ffc8,0067
0077,0010
ffe4,ff88
ff97,004a
0070,0047
0016,ff78
ff77,0023
0059,0072
0045,ff7f
ff6e,fff5
0030,0088
0069,ffa0
ff82,ffc6
fffa,0087
007d,ffd5
ffae,ff9d
ffc0,006e
007e,0017
ffea,ff80
ff8c,0043
006b,0058
002c,ff77
ff6b,000c
0046,0089
0065,ff87
ff67,ffd3
0013,009f
008a,ffb0
ff83,ffa1
ffd9,0094
0094,ffee
ffbc,ff81
ffa3,0069
0081,0033
0005,ff76
ff7b,0029
0056,0072
004f,ff84
ff6b,ffe1
001c,009b
0088,ffa9
ff79,ffa2
ffde,00a3
00a3,ffe0
ffa4,ff78
ffa8,0086
0099,001e
ffe5,ff6c
ff84,004c
006e,0058
002d,ff7e
ff77,0000
002d,0082
006e,ffa9
ff84,ffb5
ffe5,0093
0097,ffe2
ffa8,ff7d
ffa8,0086
009e,001d
ffdd,ff64
ff81,005c
0082,0050
0018,ff6f
ff77,001e
0049,0071
004f,ff99
ff88,ffd9
0001,007d
0077,ffd6
ffaf,ff9c
ffbb,0072
0088,0018
ffe2,ff75
ff88,0053
007d,004f
0016,ff6d
ff72,0026
0059,0071
0043,ff86
ff7c,fff1
0021,007a
0062,ffba
ffa1,ffbe
ffe1,006c
006f,fffb
ffd8,ff97
ffa7,004b
006a,003c
0012,ff83
ff80,0020
0052,006c
0044,ff87
ff75,fff3
002c,0083
0065,ffa5
ff89,ffc9
fffb,007d
0071,ffd9
ffb8,ffa9
ffc8,005d
0067,0017
fff6,ff97
ff9d,002b
004c,0053
0037,ff96
ff83,fff3
0025,007f
006a,ffa9
ff83,ffc0
fff7,008e
0085,ffcf
ffa0,ff9b
ffca,007b
0081,0003
ffd7,ff8c
ffa6,004b
0060,003c
001b,ff94
ff90,0006
002a,006d
005e,ffb1
ff8f,ffbf
ffeb,0088
008c,ffde
ffa7,ff87
ffb2,0084
0099,0013
ffd5,ff6d
ff8c,005e
007e,0046
0013,ff77
ff7f,001c
0041,006c
0051,ffa4
ff90,ffcd
fff0,007d
0082,ffe7
ffba,ff87
ffa2,0072
0094,0030
fff4,ff5e
ff6b,004b
0081,006d
0032,ff60
ff5c,000f
0049,008d
0065,ff8f
ff7a,ffca
fff8,008a
0082,ffdf
ffbc,ff8e
ffa5,0064
0080,003c
0010,ff6c
ff66,0025
005f,0089
0060,ff6f
ff51,ffde
0025,00b0
0094,ff9b
ff6e,ffa0
ffde,00a5
009f,ffe6
ffb6,ff7b
ff9e,006a
007e,003d
0017,ff77
ff74,0011
003c,0087
0073,ff97
ff6e,ffb3
ffeb,00ad
00af,ffd1
ff90,ff6d
ffa3,00a1
00b7,0018
ffd2,ff53
ff76,0065
0088,0059
0025,ff6c
ff70,0009
0030,0083
0070,ffaf
ff91,ffa8
ffca,008b
009e,0008
ffcf,ff5f
ff75,006d
009f,005b
0018,ff46
ff4b,0032
0071,0091
0058,ff67
ff5a,ffe7
0020,009a
007f,ffb6
ff9b,ffa2
ffc2,0076
0082,001d
fff9,ff76
ff76,0032
0062,007b
0057,ff70
ff52,ffe3
0029,00b2
0096,ff94
ff64,ffa1
ffe5,00b0
00a5,ffd9
ffa6,ff7e
ffaa,0076
0080,002a
0006,ff82
ff88,0018
0035,0071
0064,ffaa
ff87,ffb4
ffdf,0097
00a3,ffe7
ffa7,ff6b
ff97,0090
00ae,0028
ffe1,ff54
ff74,005c
0081,0059
0023,ff75
ff7f,000a
002a,006f
005b,ffc1
ffb0,ffb5
ffc6,0064
007a,001f
fff6,ff76
ff77,003f
0075,006f
003a,ff62
ff55,000a
004e,0096
0067,ff81
ff6d,ffd6
000e,008b
0070,ffc9
ffb5,ffaf
ffca,0053
0057,0024
0014,ffa1
ff95,0003
0026,0073
006a,ffac
ff80,ffb7
ffef,009c
009a,ffce
ff93,ff88
ffc2,0091
0095,fffe
ffc8,ff84
ffac,0056
005d,002c
0011,ffa9
ffb1,fffe
0008,004f
0055,ffe8
ffcc,ffa7
ffb3,005a
007f,002a
fff3,ff70
ff7c,004c
0080,0058
0018,ff69
ff75,0028
0057,0065
0033,ff97
ff9e,fff8
0010,004e
003d,ffe8
ffe7,ffc8
ffc3,0020
0036,0041
0036,ffa9
ff8a,ffec
0022,0081
006d,ffa3
ff78,ffc5
0008,0093
007b,ffba
ff95,ffb6
ffee,0071
005d,ffe8
ffd6,ffc2
ffda,0028
001f,001f
0026,ffe2
ffd1,ffd2
ffda,004e
006a,0006
ffd2,ff8e
ffa6,0065
0089,0023
ffdf,ff75
ff97,005b
0078,002f
fff4,ff8e
ffaf,0033
003d,0029
000d,ffd0
ffe3,fff8
ffec,0016
0024,0022
001f,ffbe
ffa2,ffff
0032,0065
004a,ff99
ff79,ffef
0034,0082
0057,ff95
ff80,ffe9
0026,006e
0042,ffb7
ffb6,ffee
000c,0032
0015,fff3
0006,fff8
ffeb,ffe4
ffe3,0035
0055,0001
ffce,ffa3
ffbf,0067
0085,0005
ffbf,ff86
ffb8,0076
0084,0002
ffc4,ff98
ffce,005b
0053,fffc
ffdd,ffd0
fff7,001f
0003,fff7
0005,001a
0021,ffd6
ffb2,fff9
002e,0059
003c,ff9b
ff7d,0002
004b,0074
003c,ff82
ff79,000f
004f,0063
0023,ff96
ffa7,0019
0038,002b
fffb,ffd1
fff6,001b
000c,ffe3
ffd6,001f
004a,0010
ffd8,ffa7
ffc4,0063
0082,fffb
ffaf,ff8e
ffcb,0085
008a,ffe3
ffa1,ffa2
ffea,0077
005f,ffd3
ffb4,ffda
0013,003e
000f,ffd3
ffe3,0021
0035,ffec
ffb9,ffe4
0020,005c
0041,ffa0
ff7d,0004
0054,0073
0031,ff75
ff71,0026
006d,005c
000c,ff7c
ff9b,003e
005f,0022
ffdf,ffb4
ffec,0040
002e,ffd9
ffbe,0009
0045,002a
ffeb,ff9e
ffb7,005d
0086,0002
ffac,ff89
ffce,0090
0095,ffd5
ff89,ffa2
fffb,0090
006c,ffb4
ff8f,ffe0
002d,005b
001a,ffad
ffbf,002c
004f,0003
ffbd,ffc5
0008,0068
0054,ffa9
ff77,fff4
0051,007e
0038,ff6c
ff63,002c
007f,0064
0004,ff64
ff89,0056
0082,0023
ffcb,ff94
ffdc,0064
0055,ffd2
ffa4,ffed
003e,004e
0009,ff91
ff9d,004f
008a,001a
ffb8,ff78
ffbd,0095
00a5,ffda
ff7d,ff92
fff7,00a8
0084,ffa4
ff70,ffd6
0038,007e
0031,ff8d
ff96,002b
0067,0026
ffcb,ff9e
ffe2,0073
0072,ffbf
ff77,ffd3
003a,0092
0053,ff6e
ff53,0019
0080,007c
0014,ff50
ff6c,005a
009a,0038
ffcc,ff6f
ffbc,007d
007f,ffde
ff94,ffc3
0025,0075
0037,ff8e
ff80,002d
0082,0044
ffdb,ff65
ff9a,0088
00b2,fffb
ff8b,ff73
ffd8,00b4
00a4,ffb1
ff62,ffb3
0027,00a2
005c,ff81
ff6f,0010
006a,0058
fff3,ff7c
ffad,0068
008a,fff0
ff8e,ffa3
0008,009e
007b,ff8c
ff50,ffea
0060,009d
0041,ff50
ff4e,0039
0098,0066
fff1,ff50
ff89,0076
009d,000c
ffa4,ff8b
ffed,008c
006e,ffad
ff76,ffed
0057,0075
001c,ff69
ff74,0054
00a3,0037
ffc1,ff58
ffa1,009e
00b9,ffe8
ff7c,ff7e
ffed,00b3
0091,ffa2
ff63,ffd0
003f,008e
003a,ff79
ff7c,0031
007d,003b
ffd1,ff7c
ffbe,0082
0093,ffd7
ff79,ffa7
0013,00a8
007b,ff83
ff4e,ffed
0060,0098
003c,ff58
ff5c,0038
008c,0059
ffeb,ff64
ff9e,006f
008d,fffe
ffa2,ff9f
fffc,0085
0063,ffa5
ff76,fff6
0059,0073
001e,ff6a
ff74,004c
0098,0040
ffd3,ff5e
ff9b,0087
00a7,fffc
ff99,ff83
ffe0,0098
0083,ffbc
004c,0075
002b,ff78
ff77,0035
0082,004d
ffed,ff66
ff8f,006f
009e,0017
ffb3,ff74
ffbf,0091
0099,ffdc
ff88,ff9f
fffd,0097
0075,ffa7
ff75,ffde
003d,007e
0039,ff82
ff7b,0025
0072,004f
fff4,ff73
ff98,0063
0092,0014
ffb5,ff7e
ffc6,008d
0095,ffd9
ff87,ffa0
fffc,009a
007c,ffa9
ff72,ffd2
0030,0089
004d,ff8a
ff78,000b
005b,0061
0012,ff80
ff93,0042
0077,002a
ffd5,ff89
ffbe,006d
0081,fff0
ffa3,ffa2
ffee,0086
0078,ffbd
ff81,ffc7
001d,0089
005e,ff98
ff75,fff2
0045,0077
0036,ff84
ff80,001e
0063,0052
0005,ff83
ff9d,0048
0074,0021
ffd1,ff92
ffc7,006a
0078,ffea
ffa2,ffae
fff9,0080
006d,ffb6
ff7f,ffd4
002b,0084
0053,ff8d
ff70,0001
0057,0075
002b,ff75
ff77,002f
0076,0051
fff9,ff73
ff96,0059
0086,001d
ffc4,ff87
ffc7,0079
0082,ffe0
ff95,ffae
0003,0089
006b,ffa6
ff74,ffe2
0040,0085
0045,ff7a
ff69,001a
0071,006b
0013,ff64
ff77,004d
008f,0040
ffde,ff69
ff9d,0073
0094,0008
ffae,ff88
ffd5,0088
0083,ffcf
ff89,ffba
0013,0088
005e,ff9c
ff76,fff4
004d,0076
002f,ff79
ff76,002d
0078,0055
fffd,ff6c
ff8a,005b
008f,002a
ffcf,ff75
ffad,0078
008f,fffc
ffab,ff92
ffdb,0083
007b,ffd0
ff92,ffbd
000e,007d
0059,ffaa
ff86,ffef
003d,006b
0030,ff8d
ff86,0020
0065,0050
0004,ff7d
ff92,004c
0080,002e
ffda,ff7b
ffa9,006c
008b,0008
ffb6,ff8a
ffcb,0080
0085,ffe1
ff9a,ffa8
fff6,0084
006e,ffba
ff87,ffd3
0026,007b
004a,ff97
ff7f,0006
0055,0063
001b,ff7d
ff84,003b
007d,0041
ffe9,ff72
ff99,0069
0094,0016
ffba,ff79
ffbb,0089
0098,ffe8
ff94,ff94
ffe9,0096
0085,ffbb
ff7b,ffc0
001c,008e
005f,ff95
ff74,fff6
004d,0074
002c,ff7c
ff7d,002f
0076,004c
fff4,ff73
ff95,0060
008f,001d
ffc2,ff7a
ffb7,0082
0095,ffef
ff9b,ff91
ffe0,0092
0088,ffc6
ff84,ffb4
000b,008e
006a,ffa6
ff7c,ffe0
0033,007a
0042,ff91
ff82,000e
0056,005b
0015,ff85
ff91,003a
0072,0037
ffe8,ff82
ffa7,005f
0083,0011
ffc1,ff89
ffc3,007a
0089,ffec
ffa1,ff9a
ffe2,0089
0081,ffca
ff8b,ffb5
0006,008a
006c,ffac
ff7e,ffda
002d,007e
004a,ff92
ff7d,0006
0053,0065
001e,ff80
ff86,0035
0076,0042
ffee,ff78
ff9b,0061
008d,0018
ffbf,ff7c
ffba,0084
0096,ffed
ff98,ff90
ffe0,0097
008d,ffc3
ff7d,ffb1
000b,0097
0072,ffa0
ff72,ffdc
0037,0086
004a,ff87
ff75,000d
005d,0066
0019,ff7a
ff86,003d
007a,003e
ffe9,ff78
ffa0,0064
008b,0013
ffbe,ff82
ffbf,007f
008e,ffec
ff9e,ff96
ffe1,008c
0084,ffcb
ff8a,ffb2
0003,008b
006f,ffb0
ff82,ffd4
0024,007e
0051,ff9c
ff81,fff9
0044,0069
002d,ff8c
ff88,0020
0061,004f
0007,ff82
ff94,0045
007a,0031
ffe1,ff7e
ffa6,0067
008b,0010
ffbd,ff83
ffbe,0080
0091,ffee
ff9e,ff93
ffdd,008f
0089,ffcb
ff87,ffaf
0003,0091
0073,ffaa
ff79,ffd5
002d,0085
0050,ff8e
ff75,0003
0055,006e
0026,ff7a
ff7c,0031
0077,004e
fff9,ff70
ff8e,005a
008e,0029
ffd0,ff73
ffa7,0079
0096,0004
ffaf,ff82
ffc7,0089
0090,ffe2
ff97,ff9c
ffea,008d
007e,ffc3
ff89,ffbd
000e,0085
0063,ffaa
ff83,ffe2
0030,0076
0043,ff95
ff82,0007
004f,0063
0023,ff85
ff86,002a
006a,004e
0004,ff7b
ff8e,0049
007e,0037
ffe7,ff77
ff9b,0062
008a,001e
ffcb,ff7c
ffb0,0075
008d,0000
ffb1,ff8b
ffcd,0082
0087,ffe0
ff99,ffa5
fff2,0088
0077,ffbd
ff84,ffc7
001b,0086
005e,ff9b
ff76,ffee
0043,007c
003f,ff7f
ff70,0017
0066,006b
001e,ff6d
ff75,003b
0080,0052
fffc,ff68
ff85,0058
008d,0033
ffdc,ff70
ff9f,006d
008e,0012
ffc0,ff83
ffbf,0079
0086,fff0
ffa8,ff9d
ffe2,007f
0077,ffd0
ff95,ffba
0005,0080
0067,ffb3
ff85,ffd7
0024,007e
0055,ff9b
ff7b,fff2
003f,0078
0043,ff88
ff76,000a
0055,006f
002e,ff7b
ff77,0022
0068,005f
0016,ff75
ff81,003b
0077,0048
fff8,ff76
ff93,0054
0082,0029
ffd7,ff7e
ffad,006c
0089,0005
ffb5,ff8d
ffcd,0081
0089,ffdf
ff95,ffa1
ffef,0090
0082,ffbc
ff7d,ffba
0010,0095
0073,ff9f
ff6f,ffd6
002d,008f
005e,ff8c
ff6d,fff2
0045,0080
0043,ff81
ff74,000e
0058,006a
0026,ff7e
ff82,0029
0067,0050
0007,ff80
ff93,0042
0074,0035
ffea,ff83
ffa4,0059
007e,001b
ffd0,ff87
ffb5,006d
0086,0003
ffb8,ff8c
ffc6,007d
008b,ffed
ffa3,ff95
ffd8,0089
008a,ffd6
ff92,ffa3
ffef,008f
0081,ffc0
ff84,ffb9
000a,008e
006f,ffa9
ff7a,ffd5
0028,0086
0057,ff93
ff75,fff7
0047,0077
0039,ff81
ff76,0019
0064,0064
001b,ff74
ff7c,0039
007a,004f
fffe,ff6e
ff87,0052
0087,0038
ffe6,ff70
ff96,0064
008c,0023
ffd2,ff79
ffa9,006e
008a,000d
ffc1,ff87
ffbe,0074
0084,fff8
ffb2,ff98
ffd4,0079
007c,ffe2
ffa3,ffaa
ffec,007d
0074,ffcb
ff92,ffbd
0005,0082
006c,ffb3
ff82,ffd0
001d,0086
0062,ff9c
ff74,ffe4
0035,0087
0056,ff88
ff6c,fff9
004b,0081
0044,ff7a
ff6b,0010
005e,0074
002d,ff73
ff72,0028
006e,005f
0012,ff72
ff81,003f
0079,0045
fff5,ff77
ff95,0055
0081,0029
ffda,ff7f
ffaa,0067
0086,000f
ffc2,ff88
ffbd,0075
0088,fff8
ffb0,ff91
ffcd,0080
0088,ffe7
ffa2,ff9a
ffdb,0086
0085,ffd9
ff98,ffa3
ffe8,0089
0080,ffcc
ff90,ffaf
fff8,0089
0078,ffbe
ff88,ffc0
000b,0087
006b,ffad
ff80,ffd5
0023,0083
005a,ff9a
ff78,ffed
003c,007c
0046,ff88
ff73,0008
0055,0072
0031,ff78
ff72,0021
006a,0066
001d,ff6f
ff76,0037
0079,0057
0009,ff6c
ff7e,0047
0080,0047
fff8,ff70
ff8c,0052
0081,0036
ffe9,ff78
ff9b,005a
0080,0024
ffdb,ff83
ffab,0062
007f,0012
ffcb,ff8c
ffbb,006b
007f,0000
ffbb,ff94
ffca,0076
0082,ffee
ffaa,ff9a
ffd8,0082
0086,ffdc
ff98,ffa0
ffe6,008d
0087,ffca
ff89,ffa9
fff5,0094
0084,ffba
ff7e,ffb5
0006,0096
007b,ffab
ff78,ffc6
0018,0091
006c,ff9f
ff76,ffda
002a,0087
0059,ff95
ff78,fff0
003b,0079
0045,ff8d
ff7b,0004
004b,006c
0033,ff87
ff7e,0016
0058,0062
0025,ff81
ff7f,0024
0063,005b
001a,ff7b
ff7f,002f
006c,0057
0012,ff76
ff7f,0038
0073,0052
000a,ff72
ff81,0041
007a,004a
ffff,ff71
ff87,004c
0080,003e
fff0,ff73
ff92,0059
0085,002c
ffdd,ff79
ffa1,0066
0089,0018
ffca,ff80
ffb2,0073
008b,0003
ffb7,ff89
ffc3,007e
008c,fff0
ffa8,ff92
ffd0,0085
008a,ffe3
ff9f,ff99
ffda,0088
0088,ffda
ff9a,ff9f
ffe1,0088
0084,ffd5
ff98,ffa5
ffe7,0087
0080,ffd0
ff96,ffab
ffee,0086
007b,ffca
ff92,ffb3
fff9,0086
0075,ffc0
ff8b,ffbe
0007,0086
006f,ffb2
ff82,ffcc
0018,0088
0066,ffa2
ff78,ffdb
002a,0088
005e,ff93
ff71,ffea
003a,0086
0055,ff88
ff6d,fff7
0045,0082
004c,ff82
ff6e,0000
004b,007c
0044,ff81
ff72,0007
004d,0075
003c,ff84
ff78,000c
004e,006d
0035,ff86
ff7e,0011
0051,0066
002d,ff87
ff81,0018
0057,0060
0024,ff83
ff82,0023
0061,005a
001a,ff7d
ff81,0030
006d,0055
000f,ff74
ff7f,003d
0079,004f
0004,ff6d
ff7f,004a
0083,0048
fffa,ff6a
ff82,0052
0087,0041
fff2,ff6c
ff89,0057
0086,0039
ffed,ff71
ff91,0058
0082,0031
ffe8,ff79
ff9a,0058
007d,002a
ffe4,ff81
ffa2,0058
007b,0023
ffdf,ff85
ffa7,005c
007d,001d
ffd8,ff85
ffab,0063
0082,0017
ffcf,ff83
ffac,006c
008a,0010
ffc6,ff7f
ffae,0076
0092,000a
ffbd,ff7c
ffb0,007e
0096,0004
ffb6,ff7c
ffb5,0082
0096,fffe
ffb3,ff81
ffbb,0082
0091,fff9
ffb2,ff89
ffc2,007e
0089,fff5
ffb2,ff91
ffca,0079
0082,fff1
ffb2,ff99
ffcf,0077
007e,ffee
ffb0,ff9d
ffd3,0077
007e,ffe9
ffac,ff9e
ffd6,007c
0083,ffe5
ffa5,ff9c
ffd7,0084
0089,ffe0
ff9d,ff99
ffd9,008c
008f,ffdb
ff96,ff97
ffdb,0091
0091,ffd6
ff93,ff98
ffde,0092
008f,ffd4
ff93,ff9c
ffe2,008f
0089,ffd3
ff96,ffa2
ffe5,0088
0081,ffd3
ff9a,ffa9
ffe9,0082
007a,ffd3
ff9d,ffae
ffeb,007e
0077,ffd3
ff9d,ffb0
ffed,007e
0078,ffd1
ff9a,ffaf
ffed,0083
007d,ffcd
ff94,ffac
ffee,008a
0083,ffc9
ff8d,ffa9
ffee,0091
0088,ffc6
ff88,ffa7
ffef,0095
008a,ffc4
ff87,ffa7
fff0,0095
0088,ffc4
ff8a,ffa9
fff0,0090
0083,ffc7
ff8f,ffac
fff0,0089
007d,ffcb
ff96,ffb0
ffef,0082
0078,ffcf
ff9b,ffb1
ffee,007e
0076,ffd1
ff9c,ffb1
ffed,007f
0079,ffd1
ff99,ffae
ffec,0084
007f,ffce
ff94,ffaa
ffec,008b
0085,ffcb
ff8e,ffa6
ffeb,0092
008a,ffc9
ff8b,ffa3
ffea,0094
008c,ffca
ff8c,ffa2
ffe7,0093
008a,ffce
ff92,ffa1
ffe4,008d
0086,ffd4
ff9a,ffa2
ffe0,0085
0082,ffdc
ffa3,ffa1
ffdb,007e
007f,ffe3
ffa9,ffa0
ffd7,007a
007f,ffe7
ffab,ff9d
ffd4,007b
0082,ffe9
ffaa,ff9a
ffd2,0080
0087,ffe7
ffa6,ff96
ffd1,0085
008d,ffe6
ffa2,ff92
ffcf,008a
0091,ffe6
ffa2,ff8f
ffcc,008a
0091,ffea
ffa6,ff8c
ffc7,0086
008f,fff2
ffaf,ff8a
ffc0,007e
008c,fffc
ffbb,ff88
ffb8,0074
0088,0008
ffc7,ff86
ffb1,006c
0085,0012
ffcf,ff83
ffab,0067
0084,0018
ffd4,ff80
ffa7,0066
0086,001b
ffd4,ff7e
ffa5,0068
0088,001b
ffd3,ff7c
ffa4,006a
008a,001b
ffd3,ff7a
ffa2,006a
008a,001e
ffd7,ff79
ff9e,0066
0088,0025
ffdf,ff78
ff98,005d
0083,0030
ffec,ff76
ff90,0052
007d,003d
fffc,ff75
ff87,0045
0076,004b
000a,ff74
ff7f,003a
0071,0056
0015,ff73
ff7a,0032
006c,005d
001c,ff74
ff79,002c
0069,005f
001f,ff77
ff7a,0029
0065,005f
0020,ff7b
ff7d,0025
0060,005f
0023,ff7f
ff7f,0020
005a,0061
002a,ff83
ff7e,0016
0051,0068
0036,ff87
ff7b,000a
0047,0072
0044,ff8a
ff76,fffb
003d,007e
0054,ff8d
ff71,ffeb
0032,008a
0062,ff92
ff6f,ffde
0027,0091
006c,ff98
ff71,ffd3
001d,0092
0071,ffa1
ff78,ffcb
0013,008f
0073,ffad
ff82,ffc4
0008,0088
0072,ffba
ff8e,ffbe
fffc,0082
0073,ffc7
ff98,ffb6
fff0,007e
0077,ffd3
ffa0,ffac
ffe3,007d
007e,ffde
ffa5,ffa0
ffd7,0080
0087,ffe7
ffa8,ff94
ffcb,0083
008f,fff0
ffac,ff89
ffbf,0084
0094,fffa
ffb4,ff80
ffb4,0080
0094,0006
ffc0,ff7b
ffa9,0076
008f,0016
ffd2,ff78
ff9e,0066
0086,0028
ffe7,ff78
ff94,0054
007b,003a
fffb,ff79
ff8a,0042
0071,004b
000e,ff79
ff82,0033
0069,0058
001c,ff7a
ff7c,0028
0062,0061
0026,ff7b
ff79,001f
005d,0067
002d,ff7d
ff77,0018
0056,006c
0035,ff81
ff78,000e
004c,0071
0040,ff88
ff79,ffff
003e,0078
004e,ff93
ff7b,ffec
002b,0080
0060,ff9f
ff7d,ffd6
0016,0089
0072,ffae
ff81,ffbf
0000,0091
0082,ffbd
ff87,ffaa
ffec,0094
008d,ffcd
ff91,ff9b
ffdb,0091
0091,ffdd
ff9e,ff92
ffcd,0089
008e,ffed
ffaf,ff8d
ffc1,007b
0088,ffff
ffc2,ff8a
ffb5,006c
0080,0011
ffd5,ff88
ffa9,005c
007a,0023
ffe8,ff83
ff9b,004f
0076,0036
fff9,ff7d
ff8d,0044
0074,0047
0008,ff76
ff80,003a
0071,0056
0018,ff72
ff76,002e
006a,0064
0028,ff73
ff71,001e
005d,0071
0039,ff7b
ff70,000a
0049,007b
004d,ff89
ff74,fff0
002f,0083
0061,ff9c
ff7c,ffd5
0013,008a
0074,ffb2
ff86,ffbb
fff8,008d
0082,ffc7
ff92,ffa5
ffe1,008c
008b,ffdb
ff9f,ff96
ffcf,0087
008e,ffec
ffad,ff8d
ffc2,007e
008b,fffc
ffbd,ff89
ffb7,0071
0084,000d
ffcf,ff87
ffab,0062
007c,001f
ffe4,ff84
ff9e,0050
0074,0035
fffc,ff80
ff8e,003e
006c,004c
0014,ff7b
ff7e,002b
0063,0063
002c,ff78
ff71,0017
0057,0077
0043,ff7b
ff6a,0002
0046,0085
0057,ff85
ff6c,ffeb
0030,008d
0068,ff97
ff76,ffd2
0013,008e
0076,ffb1
ff88,ffb9
fff4,008a
0080,ffd0
ff9d,ffa2
ffd6,0082
0087,ffee
ffb4,ff8e
ffbb,0077
008b,0009
ffc9,ff7f
ffa6,006c
0089,001f
ffdd,ff77
ff97,005e
0083,0031
ffef,ff76
ff8f,004e
0078,0040
0002,ff79
ff89,003b
0069,004f
0017,ff80
ff84,0023
0055,005f
0030,ff8a
ff80,0008
003f,0071
004c,ff94
ff7c,ffea
0027,0083
0066,ffa1
ff7b,ffcd
000e,0090
007d,ffb2
ff81,ffb2
fff4,0096
008d,ffc7
ff8e,ff9c
ffd9,0092
0093,ffe2
ffa5,ff8b
ffbf,0083
0090,0002
ffc4,ff7f
ffa6,006c
0086,0023
ffe8,ff79
ff90,004f
0076,0044
000b,ff78
ff80,0031
0064,005f
002a,ff7b
ff75,0015
0051,0074
0043,ff83
ff72,fffc
003d,0080
0056,ff90
ff77,ffe6
0027,0084
0063,ffa3
ff82,ffd2
000f,0083
006d,ffba
ff93,ffbd
fff3,007e
0077,ffd6
ffa7,ffa6
ffd5,0077
0080,fff4
ffbe,ff90
ffb6,006e
0086,0014
ffd6,ff7c
ff99,0061
0087,0032
fff1,ff6e
ff82,004f
0080,004e
000d,ff6a
ff74,0036
006d,0066
002c,ff73
ff6f,0015
0050,0078
004a,ff86
ff74,fff0
002b,0085
0067,ffa3
ff81,ffc9
0002,008b
007e,ffc4
ff94,ffa5
ffdb,008a
008e,ffe6
ffab,ff8a
ffbb,0081
0093,0006
ffc5,ff7a
ffa2,0070
008d,0022
ffe1,ff75
ff93,0058
007d,003a
fffe,ff79
ff8a,003b
0066,0050
001d,ff84
ff85,0019
004a,0064
003c,ff93
ff83,fff7
002d,0076
0059,ffa4
ff84,ffd6
0010,0084
0072,ffb7
ff8a,ffb8
fff4,008c
0084,ffcc
ff96,ff9f
ffd8,008a
008e,ffe7
ffac,ff8c
ffbc,007d
008c,0008
ffcd,ff7e
ffa1,0064
0081,002e
fff5,ff78
ff88,0041
006d,0054
0021,ff79
ff75,0019
0051,0076
004b,ff83
ff6c,fff0
0030,008f
006e,ff96
ff70,ffca
000d,0099
0084,ffb2
ff82,ffab
ffe9,0094
008e,ffd6
ffa1,ff93
ffc7,0081
008a,ffff
ffc8,ff85
ffa8,0064
007d,0028
fff2,ff7e
ff8e,0041
006a,004e
001b,ff7e
ff7d,001e
0054,006b
003e,ff85
ff75,fffe
003b,007f
0058,ff94
ff78,ffe0
001f,0087
006b,ffaa
ff86,ffc6
0000,0085
0076,ffc9
ff9e,ffad
ffde,007a
007c,ffee
ffbd,ff96
ffba,0068
007d,0016
ffe2,ff83
ff98,0051
0077,003f
0008,ff76
ff7c,0034
0069,0063
002d,ff74
ff6c,0013
0051,007e
0050,ff81
ff6c,ffee
002e,008d
006c,ff9d
ff7b,ffc7
0002,008e
0080,ffc6
ff9a,ffa2
ffd1,0083
008b,fff8
ffc2,ff82
ffa4,006c
008a,002b
ffef,ff6e
ff80,004c
007c,0057
001b,ff6a
ff6b,0026
0062,0076
0042,ff76
ff69,fffe
003d,0087
0060,ff93
ff79,ffd7
0011,0089
0074,ffbb
ff95,ffb2
ffe3,007e
007f,ffea
ffba,ff94
ffb8,006b
0080,0017
ffe1,ff7f
ff96,0052
0079,003f
0006,ff76
ff80,0036
0068,005d
0027,ff7a
ff77,0016
004d,0071
0044,ff8c
ff7d,fff3
002a,007b
005d,ffaa
ff8e,ffce
ffff,007c
0072,ffd1
ffa8,ffa9
ffd2,0075
0080,fffd
ffc9,ff89
ffa7,0065
0084,0029
ffee,ff73
ff85,004d
007b,0051
0015,ff6d
ff71,002a
0062,0070
003d,ff7a
ff6e,0000
0039,0083
0060,ff99
ff7d,ffd0
0005,008a
007d,ffc7
ff9c,ffa1
ffce,0082
008d,fffd
ffc6,ff7c
ff9b,006c
008e,0033
fff5,ff67
ff77,004a
007d,0060
0024,ff67
ff67,001e
005a,007e
004d,ff7d
ff6d,ffee
0029,008b
006d,ffa7
ff86,ffbf
fff2,0087
0081,ffdb
ffae,ff96
ffbd,0074
0087,0012
ffdc,ff7b
ff92,0057
007e,0043
000a,ff70
ff78,0033
0067,0067
0032,ff78
ff72,000b
0044,007b
0052,ff92
ff7e,ffe3
0018,007f
0068,ffba
ff9a,ffbc
ffe8,0076
0076,ffea
ffbf,ff9b
ffba,0064
007a,001b
ffe8,ff83
ff94,004a
0072,0046
0011,ff78
ff7c,002a
005e,0068
0037,ff7f
ff75,0004
003d,007c
0057,ff98
ff80,ffdb
000f,0081
0070,ffc1
ff9d,ffb1
ffdb,0078
007e,fff6
ffc7,ff8d
ffa8,0062
007f,002e
fff9,ff74
ff7f,003f
0071,0060
002b,ff6f
ff68,0014
0051,0084
0057,ff81
ff6a,ffe4
0021,0093
0078,ffa9
ff85,ffb4
ffe8,008c
0089,ffe3
ffb5,ff8c
ffaf,0070
0087,0024
fff1,ff73
ff7f,0044
0073,0060
002e,ff6e
ff64,0010
004d,008b
0061,ff81
ff64,ffdb
001c,009c
0082,ffa9
ff80,ffad
ffe5,0092
008d,ffe2
ffb3,ff8b
ffb1,0070
0083,0022
fff1,ff7b
ff88,003d
0066,005b
0030,ff7d
ff71,0005
003d,0084
0063,ff92
ff72,ffd1
000f,0095
0081,ffb6
ff8a,ffa9
ffe0,008c
0089,ffe6
ffb6,ff90
ffb7,006b
007b,001b
ffed,ff87
ff97,003b
005c,004d
0027,ff8e
ff85,0005
0034,0073
0059,ffa2
ff83,ffd2
0008,0088
007b,ffc0
ff93,ffaa
ffde,0087
0087,ffe8
ffb4,ff91
ffba,006f
007d,0015
ffe4,ff88
ff9d,0044
0061,0042
001c,ff8f
ff8c,000d
0036,006a
0052,ffa5
ff89,ffd4
0005,0084
007c,ffc6
ff97,ffa2
ffd4,0089
0091,fff1
ffb7,ff81
ffaa,0075
008b,0020
ffe8,ff76
ff8d,0048
006b,004e
0023,ff83
ff81,000b
0035,0074
005c,ffa5
ff88,ffc7
fff5,0089
0089,ffd6
ffa3,ff8d
ffb7,0087
009c,000f
ffcf,ff68
ff87,0069
0090,0045
0007,ff63
ff6f,0034
0064,0070
0042,ff7f
ff73,fff0
0020,0087
0074,ffb5
ff92,ffab
ffd4,0087
0092,fffa
ffc5,ff75
ff91,006e
0094,003f
0001,ff5c
ff67,0040
0077,0074
003c,ff67
ff5f,0004
003f,0090
006b,ff94
ff7a,ffc5
fff7,008d
0085,ffda
ffb2,ff90
ffb0,006f
0086,0028
fff7,ff71
ff79,003d
006e,006a
003a,ff6e
ff60,0003
0041,0093
006d,ff8b
ff6c,ffcb
0008,0099
0086,ffc1
ff98,ff9f
ffcd,007e
0082,0005
ffdb,ff87
ff9b,0049
0066,0049
0024,ff85
ff7c,0009
0039,007c
0061,ff99
ff78,ffcc
0006,0094
0086,ffc0
ff91,ffa0
ffd5,008a
008b,fff2
ffc1,ff8a
ffae,0062
0073,0028
ffff,ff8c
ff96,0025
0044,0058
003e,ffa3
ff90,ffe3
000b,0078
0070,ffc8
ff9e,ffa9
ffd5,0080
008a,fff4
ffbd,ff86
ffac,006e
0084,0020
ffea,ff7e
ff95,0044
0061,0047
001e,ff92
ff93,0008
0029,0062
0050,ffbb
ffa4,ffc8
ffe8,006d
0075,fff1
ffc5,ff93
ffad,0065
0083,0027
ffef,ff75
ff86,0049
0073,0052
001d,ff77
ff7b,001a
0047,006d
0048,ff9b
ff8e,ffe1
0007,0071
0068,ffd8
ffba,ffa9
ffc0,0060
0075,001f
fff5,ff80
ff86,003c
006b,0060
0031,ff73
ff68,000b
0047,0089
0062,ff89
ff70,ffd5
000e,0091
007c,ffc1
ff9e,ffa6
ffcd,0074
007b,000d
ffe8,ff88
ff92,003b
005e,005b
003a,ff83
ff6e,fff4
002c,0094
007e,ff9b
ff6e,ffb0
ffef,00a8
00a1,ffcf
ff96,ff81
ffb4,008d
0098,0013
ffdf,ff72
ff8a,004a
0067,0057
0035,ff86
ff7a,fff0
0019,008a
0081,ffb9
ff8b,ff98
ffc6,009b
00ac,fffd
ffb9,ff5d
ff83,0082
00a7,0041
fffc,ff50
ff64,0043
0071,0074
0043,ff76
ff6f,ffed
0018,008a
007c,ffc3
ffa1,ff98
ffb6,007e
0096,0021
ffec,ff5e
ff68,0050
0089,0075
003a,ff51
ff46,000e
0054,00a5
0076,ff77
ff5c,ffc8
0005,00a4
0090,ffc8
ffa4,ff8f
ffb1,0074
0083,002c
0007,ff73
ff71,0024
0053,0084
0067,ff7d
ff58,ffcc
000f,00b6
00a6,ffab
ff71,ff87
ffc8,00b0
00b2,fff1
ffb5,ff68
ff93,0074
0087,003e
0012,ff76
ff7c,0013
0034,007a
006b,ffab
ff89,ffad
ffd4,0095
00a6,fff5
ffb6,ff62
ff85,0085
00ad,003f
fff6,ff49
ff5f,004e
007f,0072
0038,ff6a
ff6c,fffe
0029,0082
006b,ffba
ffa5,ffad
ffc5,006d
007f,001f
fff8,ff73
ff73,003a
0070,0077
0048,ff64
ff4f,fffa
0041,00a6
007d,ff84
ff64,ffc0
0000,009f
0088,ffcc
ffab,ff9b
ffbe,0064
006a,0025
000d,ff93
ff8f,000c
002d,0073
006a,ffaa
ff80,ffb4
ffe7,009e
00a2,ffd7
ff98,ff79
ffaf,0095
00a4,000e
ffcf,ff6d
ff94,005d
0070,003e
0016,ff91
ff9b,0006
0018,005c
0057,ffd8
ffc0,ffad
ffba,005f
007f,0027
fff4,ff6f
ff77,0049
007f,0064
0026,ff62
ff64,001e
0057,007b
0048,ff8a
ff86,ffec
0013,0069
0052,ffd9
ffd1,ffbf
ffc7,0036
0044,0035
0028,ffa5
ff8d,fff5
0024,007e
006f,ffa5
ff78,ffbe
fffe,009b
008b,ffc0
ff8f,ffa2
ffdd,0083
0077,ffee
ffcd,ffa8
ffc8,003e
003a,0023
001c,ffca
ffc4,ffe4
ffec,004e
0063,fffb
ffcf,ff96
ffaa,0063
0088,0027
ffe6,ff6f
ff89,0058
0080,0041
0001,ff7b
ff95,0032
004b,0041
001b,ffb6
ffc6,fffa
fffc,002d
002e,000a
0008,ffc2
ffae,000c
0034,0058
0044,ff9d
ff7d,ffed
002e,0085
0062,ff98
ff79,ffda
001c,0081
005b,ffb5
ffa5,ffd8
0001,004e
0033,ffed
fff1,ffe3
ffe5,0000
fffb,002c
0043,fff5
ffce,ffb4
ffc9,005f
007d,0005
ffc5,ff87
ffaf,0072
008a,000f
ffcc,ff87
ffb7,005e
0065,0010
ffe5,ffb4
ffda,0029
001c,000b
0008,fffc
0009,ffe4
ffc8,0005
002b,0044
0031,ffa7
ff89,0002
0043,0071
0043,ff87
ff75,0004
0047,0071
0038,ff92
ff95,0007
0033,0047
0018,ffc5
ffdb,0009
000c,0003
ffef,000e
0030,0006
ffde,ffbf
ffd0,0053
0073,fffc
ffb9,ff95
ffc7,007d
008b,ffef
ffaa,ff95
ffd7,007a
0070,ffe4
ffb8,ffbf
fff8,004b
002a,ffe2
ffe1,0002
001c,ffff
ffd5,ffed
0017,0043
0034,ffb2
ff8f,0002
0049,0069
0034,ff80
ff74,001b
0063,0066
001d,ff7b
ff8d,002e
005b,003b
fff9,ffa7
ffd1,0032
0032,fff8
ffd6,fff5
0028,0023
fff5,ffb9
ffc5,0048
0071,0004
ffb9,ff95
ffcc,0083
008f,ffdf
ff93,ff9b
ffeb,008e
0078,ffc3
ff94,ffc9
0015,0066
0033,ffbb
ffbb,000e
0038,0018
ffda,ffcc
fffe,004e
0046,ffbe
ff8e,fff3
0043,0070
0038,ff7c
ff6c,0022
0074,0067
0011,ff68
ff81,0048
007c,0036
ffe0,ff8c
ffc6,0057
0058,ffee
ffba,ffdb
0022,0047
0012,ffab
ffac,003a
0073,001b
ffc4,ff88
ffc0,0085
009a,ffe2
ff89,ff92
ffee,00a1
0088,ffb1
ff76,ffc7
0026,0083
0043,ff99
ff95,0014
0053,0035
ffe4,ffa6
ffdb,005b
0062,ffd2
ff8d,ffd4
0030,0082
004d,ff7d
ff5f,0015
0077,0078
0019,ff57
ff6c,0051
0095,0041
ffd9,ff6d
ffaf,0073
007e,fff0
ffa4,ffb8
0012,006d
003b,ffa3
ff8f,001f
006f,0040
ffe1,ff76
ffa2,007c
00a6,fffb
ff90,ff7a
ffd9,00ae
00a2,ffb5
ff65,ffb0
0020,00a3
0063,ff87
ff70,0005
005f,005e
ffff,ff82
ffad,005a
007d,fff7
ff9b,ffa9
0007,0090
0070,ff92
ff59,ffef
0060,0094
003b,ff53
ff52,003c
0099,0063
ffef,ff50
ff88,0076
009e,000e
ffa7,ff89
ffe9,0089
006d,ffb2
ff7d,ffec
0052,006e
0016,ff70
ff7e,0056
00a1,002d
ffb8,ff5f
ffac,00a3
00b8,ffdc
ff72,ff85
fff8,00b8
0090,ff97
ff5c,ffd6
0047,008f
0037,ff74
ff7c,0036
0080,0036
ffcb,ff7f
ffc8,0084
008e,ffcc
ff72,ffb4
0025,00a7
006e,ff74
ff48,0001
0074,0091
002a,ff4b
ff5c,004e
009d,004c
ffd8,ff5f
ffa6,0080
0093,ffee
ff92,ffa6
000c,008a
005a,ff96
ff70,0009
006d,0069
0007,ff60
ff7b,0067
00aa,0027
ffb3,ff5f
ffb0,00a1
00af,ffdc
ff7a,ff90
fffd,00a7
007c,ff9d
ff6c,ffe4
004a,0079
0024,ff7d
ff8b,0040
0080,0028
ffc3,ff85
ffcc,0086
008e,ffcd
ff78,ffb0
0018,00a2
0073,ff86
ff58,fff1
005a,008d
0036,ff66
ff6c,0034
007f,004e
ffea,ff75
ffab,0066
007e,fff9
ffa7,ffab
0001,007b
005b,ffa9
ff7d,fff7
0052,006e
0021,ff74
ff79,0040
0089,0044
ffe2,ff69
ff9b,0073
0096,000a
ffae,ff88
ffd7,0084
0079,ffcf
ff92,ffc8
001d,0071
003d,ffa1
ff93,0015
005b,0042
fff3,ff8c
ffad,005a
0080,0006
ffb1,ff94
ffda,0085
0083,ffcc
ff86,ffb6
000e,008c
0065,ffa2
ff7d,ffeb
003e,006f
002c,ff90
ff95,0025
005f,0035
ffe8,ff99
ffc5,0058
006b,ffef
ffa9,ffb8
0002,0077
005f,ffaf
ff80,ffe7
003c,0079
003d,ff84
ff77,001a
0067,005d
000c,ff78
ff91,0047
0078,0029
ffd5,ff8e
ffc7,0066
006e,ffe8
ffa5,ffc0
000e,006f
004b,ffa9
ff88,0001
0052,005f
0016,ff7e
ff87,0042
0083,0039
ffdc,ff72
ffa3,0074
0094,0003
ffa9,ff8a
ffda,0089
007f,ffc9
ff89,ffc3
001e,007e
0049,ff99
ff84,000e
005e,0053
ffff,ff7f
ff9c,0059
008a,0014
ffb4,ff83
ffcc,008f
0095,ffcf
ff7c,ffa7
000a,00a0
0078,ff96
ff65,ffe3
0048,0089
003b,ff76
ff75,0029
0076,004c
ffec,ff78
ffa8,0069
0089,fffc
ffa0,ff9a
fff1,0090
007c,ffac
ff6b,ffd4
003c,0094
0051,ff72
ff5c,0018
0078,0073
0012,ff5c
ff77,0056
0095,0035
ffcd,ff70
ffb4,007f
008d,ffe8
ff94,ffa7
0004,008a
0065,ffa1
ff74,fff2
0052,0076
0027,ff71
ff74,003d
008a,0049
ffe4,ff64
ff95,0077
009f,000d
ffaa,ff7b
ffcd,0092
008e,ffd0
ff86,ffb2
0010,008a
005d,ff9f
ff7e,fff9
004e,0065
0019,ff83
ff90,003f
007b,002e
ffd4,ff81
ffb6,0075
008d,fff1
ff9c,ff97
ffe9,0090
0081,ffbc
ff7d,ffc2
001d,008b
005b,ff98
ff7b,fff8
004a,0069
0022,ff89
ff92,0030
0069,0034
ffe4,ff8f
ffbc,005f
0076,fff7
ffab,ffa8
fff0,007d
0070,ffbe
ff84,ffce
0024,0084
0056,ff93
ff75,fffc
004f,0072
002b,ff7e
ff81,002b
006d,0049
fff7,ff81
ffa5,0055
0078,0010
ffc0,ff9b
ffdc,0072
0070,ffd2
ff92,ffc6
001a,007e
0055,ff9a
ff76,fffc
0053,0073
002a,ff74
ff75,0033
007d,0052
fff6,ff6b
ff90,0061
008f,001d
ffc0,ff7f
ffc4,007f
0086,ffe0
ff94,ffaf
0007,0086
0062,ffa4
ff79,fff0
